8220-3810,8220,TRI-CITIES ACADEMIC BUILDING,900,057A0,,,,CC0021
8410-1004,8410,TRI-CITIES CAMPUS: KEY CARD UPGRADE & SAFETY ALARM NOT,900,062A3,,,,CC0021
5604-0018,5604,COMMERCIALIZATION GAP FUND 2020 ZHANG,01A,14801,PG00011825,,,CC0057
5604-0017,5604,OC SPECIAL GRANT - X ZHANG,01A,14801,PG00005323,,,CC0057
5604-0016,5604,COMMERCIALIZATION GAP FUND - X ZHANG,01A,14801,PG00005110,,,CC0057
5604-1102,5604,SALARY ACCRUAL - BIRGITTE AHRING,06B,00113,PG00005257,,,CC0057
5604-9903,5604,F&A - HANWU LEI,08R,14802,PG00005268,,,CC0057
5604-9905,5604,F&A - XIAO ZHANG,08R,14802,PG00005024,,,CC0057
5604-9902,5604,F&A - BIRGITTE AHRING,08R,14802,PG00005013,,,CC0057
5604-9904,5604,F&A - BIN YANG,08R,14802,PG00005012,,,CC0057
5604-0012,5604,BSEL RESEARCH,10F,00113,PG00005282,,,CC0057
5604-0011,5604,BSEL OPERATIONS,10F,00113,PG00005281,,,CC0057
5604-0014,5604,F AND A - BSEL EQUIPMENT RESERVE,10F,14802,PG00005262,,,CC0057
5604-0021,5604,SALARY ACCRUAL - HANWU LEI,10F,00113,PG00005259,,,CC0057
5604-0020,5604,SALARY ACCRUAL - GARCIA-PEREZ,10F,00113,PG00005258,,,CC0057
5604-9901,5604,F AND A - BSEL,10F,14802,PG00005014,,,CC0057
5604-1101,5604,SALARY ACCRUAL - XIAO ZHANG,10F,00113,PG00005007,,,CC0057
5604-2050,5604,Nano Cellulose-Based Nanoparticle Catalysts 5604-2050,11D,14501,,,GR00006035,CC0057
5604-2048,5604,Dicarboxylic Acids Platform Biorefinery Lignin 5604-2048,11D,14501,,,GR00006034,CC0057
5604-3042,5604,Biomass Derived Carbon Catalysts 5604-3042,11D,14501,,,GR00006058,CC0057
5604-2053,5604,Dicarboxylic Acids Platform Biorefine G003885 5604-2053,11D,14501,,,GR00006037,CC0057
5604-2051,5604,Cellulose Nanocrystals Prevent Damage In Tree Fr 5604-2051,11D,14501,,,GR00006036,CC0057
5604-3062,5604,Cost Share - Pmu: Apad Tech Increasd Sewage Slud G004245 5604-3062,11T,14501,,,GR00006070,CC0057
5604-3062,5604,Pmu: Apad Tech Increasd Sewage Slud G004245 5604-3062,11T,14501,,,GR00006070,CC0057
5604-3058,5604,Pmu: Apad Tech For Increased Conv Sewage Sludge 5604-3058,11T,14501,,,GR00006065,CC0057
5604-2062,5604,Cost Share - Hybrid Hefa-Hdcj For Jet Fuel Blendstocks 5604-2062,11T,14501,,,GR00006044,CC0057
5604-2062,5604,Hybrid Hefa-Hdcj For Jet Fuel Blendstocks 5604-2062,11T,14501,,,GR00006044,CC0057
5604-2061,5604,Cost Share - Hybrid Hefa-Hdcj For Jet Fuel Blendstocks 5604-2061,11T,14501,,,GR00006042,CC0057
5604-3058,5604,Cost Share - Pmu: Apad Tech For Increased Conv Sewage Sludge 5604-3058,11T,14501,,,GR00006065,CC0057
5604-2061,5604,Hybrid Hefa-Hdcj For Jet Fuel Blendstocks 5604-2061,11T,14501,,,GR00006042,CC0057
5604-2060,5604,Incomplete Reductive Dechlorination Bioremed 5604-2060,11U,14501,,,GR00006041,CC0057
5604-3057,5604,Collab Rsch: Generalized Microkinetic Desc Ligni 5604-3057,11V,14501,,,GR00006063,CC0057
5604-3034,5604,Pmu: Career: Towrd Mchnstc And Quntv Undrstndng 5604-3034,11V,14501,,,GR00006057,CC0057
5604-3046,5604,Pmu: Career: Towrd Mchnctc And Quntv Undrstnd 5604-3046,11V,14501,,,GR00006059,CC0057
5604-2012,5604,Ip Plan:Upgrad Lignin W/Residu For Bioplastic 5604-2012,11W,14501,,,GR00006028,CC0057
5604-2064,5604,Pnnl Dgrp Zhangyang Xu 5604-2064,11W,14501,,,GR00006047,CC0057
5604-2065,5604,Pnnl Dgrp Fitria 5604-2065,11W,14501,,,GR00006048,CC0057
5604-2056,5604,Cost Share - Multi-Stream Integrated Biorefinery Enabled 5604-2056,11W,14501,,,GR00006038,CC0057
5604-2056,5604,Multi-Stream Integrated Biorefinery Enabled 5604-2056,11W,14501,,,GR00006038,CC0057
5604-2063,5604,Pnnl Dgrp Xiaolu Li 5604-2063,11W,14501,,,GR00006046,CC0057
5604-2066,5604,Lignin Macromolecule Structure And Functionality 5604-2066,11W,14501,,,GR00006049,CC0057
5604-2012,5604,Cost Share - Ip Plan:Upgrad Lignin W/Residu For Bioplastic 5604-2012,11W,14501,,,GR00006028,CC0057
5604-3060,5604,Alternative Jet Fuel Supply Chain Analysis Zhan 5604-3060,12Z,14501,,,GR00006069,CC0057
5604-3060,5604,Cost Share - Alternative Jet Fuel Supply Chain Analysis Zhan 5604-3060,12Z,14501,,,GR00006069,CC0057
5604-2036,5604,Alt Jet Fuel Supply Chain Analysis 5604-2036,12Z,14501,,,GR00006029,CC0057
5604-2043,5604,Alt Jet Fuel Supply Chain Analysis 5604-2043,12Z,14501,,,GR00006033,CC0057
5604-2070,5604,Alternative Jet Fuel Supply Chain Analysis 5604-2070,12Z,14501,,,GR00006053,CC0057
5604-2042,5604,Alt Jet Fuel Supply Chain Analysis 5604-2042,12Z,14501,,,GR00006032,CC0057
5604-2069,5604,Alternative Jet Fuel Supply Chain Analysis 5604-2069,12Z,14501,,,GR00006052,CC0057
5604-2071,5604,Cost Share - Minimization Of Jet Fuel Emissions Via J-A1 Fuel 5604-2071,13A,14502,,,GR00006054,CC0057
5604-3059,5604,Cost Share - Hybrid Conversion Process For Producing Fuel 5604-3059,13A,14502,,,GR00006066,CC0057
5604-3059,5604,Hybrid Conversion Process For Producing Fuel 5604-3059,13A,14502,,,GR00006066,CC0057
5604-2071,5604,Minimization Of Jet Fuel Emissions Via J-A1 Fuel 5604-2071,13A,14502,,,GR00006054,CC0057
5604-3049,5604,Cost Share - Xel2gas Acetic Acid As A Storage Molecule 5604-3049,13G,14502,,,GR00006060,CC0057
5604-3049,5604,Xel2gas Acetic Acid As A Storage Molecule 5604-3049,13G,14502,,,GR00006060,CC0057
5605-2136,5605,Cb2: Lignin Compound Production Polyplastic 5605-2136,13N,14502,,,GR00006077,CC0057
5604-2067,5604,Cb2: Lignin Cmpd Prod Plstc 5604-2067,13N,14502,,,GR00006050,CC0057
5604-3033,5604,Bio-Oils Fr Mcrwave Pyrolysis Of Biomass 5604-3033,14J,14502,,,GR00006056,CC0057
5604-2037,5604,Conversion Of Biomass Feedstock 5604-2037,14J,14502,,,GR00006030,CC0057
5604-2058,5604,Plant Dispersion Fruit Tree Frost Protection 5604-2058,14K,14502,,,GR00006040,CC0057
5604-2068,5604,"Commercialization Gap Fund, 2020 - Milestone 1 5604-2068",14K,14502,,,GR00006051,CC0057
5604-2038,5604,Commercialization Gap Fund 5604-2038,14K,14502,,,GR00006031,CC0057
5604-3054,5604,Fpca - Garcia-Perez 5604-3054,14Z,14502,,,GR00006062,CC0057
5607-9802,5607,EASTERDAY RESEARCH FELLOW,17A,84606,PG00001297,GF003356,,CC0057
5601-0210,5601,SEALASKA CORP OCEAN HEALTH & RESEARCH,17A,84602,,GF006465,,CC0057
5607-1451,5607,BSEL DEVELOPMENT FUND,17A,84602,,GF003356,,CC0057
5607-0826,5607,BATTELLE DIST PROF BIOPROCESSING/MICROBIOLOGY,17A,84602,,GF004299,,CC0057
5603-0911,5603,HORT 326,06A,14801,PG00003169,,,CC0284
5603-0006,5603,VITICULTURE AND ENOLOGY,06M,00113,PG00005309,,,CC0284
5603-2003,5603,Understanding Systemic Infection Of Red Blotch V 5603-2003,11D,14501,,,GR00006024,CC0284
5603-2004,5603,Cost Share - Assessment Of Risk To Grape And Wine Quality 5603-2004,11D,14501,,,GR00006025,CC0284
5603-2004,5603,Assessment Of Risk To Grape And Wine Quality 5603-2004,11D,14501,,,GR00006025,CC0284
5603-2002,5603,Assessmt Smoke Taint Risk Vineyards Exposed 5603-2002,13A,14502,,,GR00006023,CC0284
5670-2073,5670,Chemical Charactrztn Smoke Exposed Grapes 5670-2073,13K,14502,,,GR00006109,CC0284
5603-2001,5603,Red Blotch: Mechanistic Understand And Preventio 5603-2001,13L,14502,,,GR00006022,CC0284
5601-2670,5601,Complete Build Out Of The Teaching Laboratory 5601-2670,14K,14502,,,GR00006017,CC0284
5603-0902,5603,HORT 321,15F,57006,PG00014759,,,CC0284
5603-0909,5603,HORT 313,15F,57006,PG00014758,,,CC0284
5603-0910,5603,ENTOM 343,15F,57006,PG00014757,,,CC0284
5603-0922,5603,HORT 334,15F,57006,PG00002868,,,CC0284
5603-0918,5603,HORT 418/518,15F,57006,PG00002867,,,CC0284
5603-0906,5603,HORT 413,15F,57006,PG00002864,,,CC0284
5603-0904,5603,HORT 535,15F,57006,PG00002863,,,CC0284
5603-0903,5603,HORT 435,15F,57006,PG00002862,,,CC0284
5603-0901,5603,HORT/BIOL 319,15F,57006,PG00002860,,,CC0284
5603-0900,5603,HORT 251/351,15F,57006,PG00002859,,,CC0284
5603-0082,5603,WSUTC - CAHNRS DEVELOPMENT FUND,17A,84602,,GF003334,,CC0284
NEW,5603,HORT 202,,,PG00019567,,,CC0284
5610-0009,5610,"ANTHROPOLOGY, SOCIOLOGY AND COMMUNICATIONS",06E,00113,PG00005278,,,CC0285
5610-0010,5610,"ANTHROPOLOGY, SOCIOLOGY AND COMMUNICATIONS",06K,00113,PG00005278,,,CC0285
5610-0905,5610,COM 102,15F,57006,PG00002947,,,CC0285
5610-0904,5610,ANTH 260,15F,57006,PG00002946,,,CC0285
NEW,5612,"Mgmt, Info Sys and Entrepreneurship",06F,00113,PG00019525,,,CC0286
5612-0904,5612,MIS 250,15F,57006,PG00002961,,,CC0286
5612-0901,5612,MGTOPS 340,15F,57006,PG00002959,,,CC0286
5605-0906,5605,MGT 485/585,15F,57006,PG00002872,,,CC0286
5612-0905,5612,HBM 350,06A,14801,PG00005468,,,CC0287
NEW,5612,Hospitality Business Management,06F,00113,PG00019526,,,CC0287
5612-7703,5612,STARTUP - HAMMOND,10F,14801,PG00005271,,,CC0287
5607-0011,5607,ARTS AND SCIENCES ADMINISTRATION,06C,00113,PG00015137,,,CC0288
5607-0010,5607,ARTS AND SCIENCES ADMINISTRATION,06C,00113,PG00005279,,,CC0288
5607-9901,5607,F AND A - ARTS AND SCIENCES,06C,14802,PG00005263,,,CC0288
5610-9901,5610,F AND A - ARTS AND SCIENCES,06D,14802,PG00019056,,,CC0288
5610-0002,5610,ARTS AND SCIENCES ADMINISTRATION,06D,00113,PG00005279,,,CC0288
5610-2100,5610,Fpca-Bauman 5610-2100,14Z,14502,,,GR00006086,CC0288
5607-8102,5607,WSUTC SCIENCES DEVELOPMENT FUND,17A,84602,,GF003359,,CC0288
5610-9820,5610,ART GALLERY AND EXHIBITS,17A,84606,PG00001302,GF003361,,CC0288
5601-9249,5601,WSUTC ARTS & CULTURE DEVELOPMENT FUND,17A,84602,,GF003325,,CC0288
5610-8094,5610,WSUTC LIBERAL ARTS DEVELOPMENT FUND,17A,84602,,GF003361,,CC0288
NEW,,SMITH TEACHING AND LEARNING GRANT,17A,84602,PG00019919,GF003323,,CC0288
5607-0946,5607,BIOLOGY 354,06A,14801,PG00003170,,,CC0289
5607-9904,5607,F&A - TANYA CHEEKE,06C,14802,PG00005910,,,CC0289
5607-0002,5607,Biological Sciences,06C,00113,PG00005280,,,CC0289
5617-9907,5617,STARTUP - CHEEKE RESEARCH,10F,14802,PG00005891,,,CC0289
5617-7002,5617,STARTUP - CHEEKE,10F,14801,PG00005889,,,CC0289
5670-2061,5670,The Development Of Skull Biomechanics 5670-2061,13K,14502,,,GR00006107,CC0289
5670-2072,5670,Eval Role Of Siol Microbes In Eco Restorations 5670-2072,13K,14502,,,GR00006108,CC0289
5607-0942,5607,BIOLOGY 251,15F,57006,PG00014761,,,CC0289
5607-0941,5607,BIOLOGY 120,15F,57006,PG00014760,,,CC0289
5607-0952,5607,MBIOS 306,15F,57006,PG00002940,,,CC0289
5607-0951,5607,MBIOS 304,15F,57006,PG00002939,,,CC0289
5607-0950,5607,MBIOS 101,15F,57006,PG00002938,,,CC0289
5607-0940,5607,BIOLOGY 106/107,15F,57006,PG00002931,,,CC0289
5607-0908,5607,BIOLOGY 372,15F,57006,PG00002903,,,CC0289
5607-0907,5607,BIOLOGY 102,15F,57006,PG00002902,,,CC0289
NEW,,WSUTC CAS Seed Grant (assignee Tanya Cheeke),,,PG00019887,GF006022,,CC0289
NEW,5607,BIOLOGY 401,,,New - requested 3/9/21,,,CC0289
NEW,5607,MBIOS 304,,,New - requested 3/9/21,,,CC0289
NEW,5607,BIOLOGY 401,,,PG00019563,,,CC0289
5607-0949,5607,CHEM 222,06A,14801,PG00003171,,,CC0290
5607-0003,5607,Chemistry,06C,00113,PG00005287,,,CC0290
5607-0944,5607,CHEM 105/106,15F,57006,PG00002934,,,CC0290
5607-0931,5607,CHEM 546,15F,57006,PG00002923,,,CC0290
5607-0929,5607,CHEM 531,15F,57006,PG00002922,,,CC0290
5607-0928,5607,CHEM 520,15F,57006,PG00002921,,,CC0290
5607-0927,5607,CHEM 514,15F,57006,PG00002920,,,CC0290
5607-0926,5607,CHEM 503,15F,57006,PG00002919,,,CC0290
5607-0924,5607,CHEM 401,15F,57006,PG00002917,,,CC0290
5607-0922,5607,CHEM 348,15F,57006,PG00002916,,,CC0290
5607-0921,5607,CHEM 347,15F,57006,PG00002915,,,CC0290
5607-0919,5607,CHEM 345,15F,57006,PG00002913,,,CC0290
5607-0916,5607,CHEM 332,15F,57006,PG00002910,,,CC0290
5607-0915,5607,CHEM 331,15F,57006,PG00002909,,,CC0290
5607-0906,5607,CHEM 426,15F,57006,PG00002901,,,CC0290
5607-0925,5607,CHEM 410,15F,57006,PG00002770,,,CC0290
5607-0917,5607,CHEM 333,15F,57006,PG00002765,,,CC0290
5607-0913,5607,CHEM 102,15F,57006,PG00002759,,,CC0290
5607-0912,5607,CHEM 101,15F,57006,PG00002758,,,CC0290
5610-0925,5610,ENGLISH 105,06A,14801,PG00003173,,,CC0291
5617-9906,5617,STARTUP - WILDE,06D,14802,PG00005799,,,CC0291
5610-0005,5610,ENGLISH,06D,00113,PG00005296,,,CC0291
5610-0020,5610,SALARY ACCRUAL - MIKE MAYS,10F,00113,PG00005261,,,CC0291
5610-0909,5610,ENG 101,15F,57006,PG00002951,,,CC0291
5610-0902,5610,ENG 301/302/355/402 & DTC 355,15F,57006,PG00002944,,,CC0291
5607-0955,5607,SOE 210,06A,14801,PG00003172,,,CC0305
5607-9903,5607,F&A - SARAH ROLEY,06C,14802,PG00005909,,,CC0305
5607-0006,5607,Environmental Science,06C,00113,PG00003975,,,CC0305
5617-9908,5617,STARTUP - ROLEY RESEARCH,10F,14802,PG00005892,,,CC0305
5617-7004,5617,STARTUP - ROLEY,10F,14801,PG00005890,,,CC0305
5607-2143,5607,Eco Sign Nitrogen Fixation In Perennial Grasses 5607-2143,11V,14501,,,GR00006083,CC0305
5607-2144,5607,Eco Sign Nitrogen Fixation In Perennial Grass 5607-2144,11V,14501,,,GR00006084,CC0305
5607-2145,5607,Pnnl- Shawnee Summer 2020 5607-2145,11W,14501,,,GR00006085,CC0305
5607-0938,5607,SOE 101,15F,57006,PG00002930,,,CC0305
5607-0937,5607,SOE 411,15F,57006,PG00002929,,,CC0305
5607-0933,5607,SOE 310,15F,57006,PG00002925,,,CC0305
5607-0932,5607,ENTOM 340,15F,57006,PG00002924,,,CC0305
5607-0947,5607,SOE 110,15F,57006,PG00002854,,,CC0305
5610-0935,5610,FINE_ART 350,06A,14801,PG00005467,,,CC0348
5610-0934,5610,FINE_ART 103,06A,14801,PG00005466,,,CC0348
5610-0933,5610,FINE_ART 102,06A,14801,PG00005465,,,CC0348
5610-0919,5610,FINE_ARTS 435,15F,57006,PG00002954,,,CC0348
5610-0903,5610,FINE ARTS COURSES TRI-CITIES,15F,57006,PG00002945,,,CC0348
NEW,5612,Accounting and Business Law,06F,00113,PG00019527,,,CC0366
5610-0007,5610,HISTORY,06D,00113,PG00005066,,,CC0384
5610-0006,5610,FOREIGN LANGUAGES & CULTURES,06D,00113,PG00005300,,,CC0451
5610-0924,5610,SPANISH 102,15F,57006,PG00002958,,,CC0451
5610-0923,5610,SPANISH 101,15F,57006,PG00002957,,,CC0451
5607-0004,5607,PHYSICAL SCIENCES,06C,00113,PG00016982,,,CC0452
5669-0908,5669,MATH 252,15F,57006,PG00014767,,,CC0452
5669-0910,5669,STAT 212,15F,57006,PG00002977,,,CC0452
5669-0909,5669,MATH 273,15F,57006,PG00002976,,,CC0452
5669-0907,5669,MATH 251,15F,57006,PG00002974,,,CC0452
5669-0906,5669,MATH 212,15F,57006,PG00002973,,,CC0452
5669-0905,5669,MATH 220,15F,57006,PG00002972,,,CC0452
5669-0904,5669,MATH 172,15F,57006,PG00002971,,,CC0452
5669-0903,5669,MATH 171,15F,57006,PG00002970,,,CC0452
5669-0901,5669,STATS 412/420/423,15F,57006,PG00002969,,,CC0452
NEW,5612,Marketing and International Business,06F,00113,PG00019528,,,CC0456
5607-0007,5607,PHYSICAL SCIENCES,06C,00113,PG00016983,,,CC0458
5607-0954,5607,PHYSICS 201/202,15F,57006,PG00002942,,,CC0458
5607-0953,5607,PHYSICS 101/102,15F,57006,PG00002941,,,CC0458
5610-0008,5610,PSYCHOLOGY,06E,00113,PG00005304,,,CC0459
5606-2003,5606,Clinical Trials Network: Pacific Northwest Node 5606-2003,13A,14502,,,GR00006082,CC0459
5610-0921,5610,PSYCH 312,15F,57006,PG00002956,,,CC0459
5610-0920,5610,PSYCH 311,15F,57006,PG00002955,,,CC0459
5610-0932,5610,DTC 101,06A,14801,PG00005464,,,CC0460
5610-0931,5610,DTC 476/ENGL 476,06A,14801,PG00005463,,,CC0460
5610-0930,5610,DTC 475/ENGL 475,06A,14801,PG00005462,,,CC0460
5610-0929,5610,DTC 375/ENGL 375,06A,14801,PG00005461,,,CC0460
5610-0928,5610,DTC 356/ENGL 356,06A,14801,PG00005460,,,CC0460
5610-0003,5610,DTC AND FINE ARTS,06D,00113,PG00005292,,,CC0460
5610-0906,5610,DTC 335,15F,57006,PG00014768,,,CC0460
5610-0908,5610,DTC 477,15F,57006,PG00002950,,,CC0460
5610-0907,5610,DTC 336,15F,57006,PG00002949,,,CC0460
5613-0003,5613,TEACHING AND LEARNING,06G,00113,PG00005088,,,CC0461
5613-2024,5613,Equity For Language Learners-Tri Cities 5613-2024,11G,14501,,,GR00006088,CC0461
5613-2034,5613,Socio-Envrmntl Science Exploring Alternative 5613-2034,11V,14501,,,GR00006095,CC0461
5613-2033,5613,Socio-Envrmntl Science Exploring Alternative 5613-2033,11V,14501,,,GR00006094,CC0461
5613-2025,5613,Collabortiv Rsrch:Next Gen Sem Tchr Prep Wa 5613-2025,11V,14501,,,GR00006089,CC0461
5613-2026,5613,Equity For Language Learners-Art Supp Cst 5613-2026,12G,14501,,,GR00006090,CC0461
5613-2031,5613,Alternative Route Block Grant 2019 5613-2031,14A,14502,,,GR00006091,CC0461
5613-2032,5613,Cost Share - Cstep3-Computer Science & Education 5613-2032,14A,14502,,,GR00006092,CC0461
5613-2032,5613,Cstep3-Computer Science & Education 5613-2032,14A,14502,,,GR00006092,CC0461
5613-2036,5613,Alternative Route Block Grant 2019 5613-2036,14A,14502,,,GR00006096,CC0461
5613-0906,5613,TCH_LRN 385,15F,57006,PG00002967,,,CC0461
5613-0902,5613,TCH_LRN 390,15F,57006,PG00002964,,,CC0461
5613-0901,5613,TCH_LRN 352/371/561/564/571/572/574,15F,57006,PG00002963,,,CC0461
5617-7001,5617,STARTUP - CALDERONE,06G,14801,PG00005806,,,CC0462
5613-0001,5613,EDUCATIONAL LEADERSHIP & COUNSELING PSYCHOLOGY,06G,00113,PG00003973,,,CC0462
5601-1049,5601,VETERANS CENTER,03A,00113,PG00005089,,,CC0472
5601-1042,5601,INTERNATIONAL PROGRAMS,03A,00113,PG00005070,,,CC0472
5601-1039,5601,ADMISSIONS AND RECRUITMENT,03A,00113,PG00005033,,,CC0472
5601-1058,5601,GI Bill Admin Tri-Cities,03A,14801,PG00002156,,,CC0472
5601-1057,5601,Transcript Fees TRI-CITIES,03A,14801,PG00002155,,,CC0472
NEW,5601,Enrollment Management,,00113,PG00019523,,,CC0472
NEW,5601,Registrar,,00113,PG00009524,,,CC0472
5601-1044,5601,LATE NIGHT PROGRAMMING,15S,57006,PG00002153,,,CC0490
6273-0002,6273,ASWSUTC,16B,52216,PG00005277,,,CC0490
6273-0003,6273,CAMPUS RECREATION FEES TRI-CITIES,16B,52216,PG00016984,,,CC0490
6273-0004,6273,STUDENT ENTERTAINMENT BOARD TRI-CITIES,16B,52216,PG00014958,,,CC0490
6273-0029,6273,ASWSUTC CLUB ALLOCATION POOL,16B,52216,PG00014956,,,CC0490
6273-0030,6273,CAMPUS RECREATION,16B,52216,PG00005320,,,CC0490
6273-0033,6273,COUGS IN THE COMMUNITY,16B,52216,PG00014948,,,CC0490
6805-0001,6805,CAMPUS RECREATION FEES TRI-CITIES,16W,52224,PG00014982,,,CC0490
6805-0002,6805,CAMPUS RECREATION,16W,52224,PG00014962,,,CC0490
5601-9807,5601,WSUTC BOXING CLUB,17A,84606,PG00001287,GF003319,,CC0490
6682-0017,6682,GREEN LIGHT CLUB,17C,84004,PG00006119,,,CC0490
6682-0030,6682,FORMER CLUB ACCOUNTS,17C,84004,PG00005322,,,CC0490
6682-0026,6682,PHI KAPPA PHI,17C,84004,PG00003968,,,CC0490
6682-6707,6682,SPORTS CLUB-VOLLEYBALL,17C,84004,PG00003769,,,CC0490
6682-6706,6682,SPORTS CLUB - WOMEN'S SOCCER,17C,84004,PG00003768,,,CC0490
6682-6705,6682,SPORTS CLUB - MEN'S SOCCER,17C,84004,PG00003767,,,CC0490
6682-6704,6682,SPORTS CLUB - WOMEN'S RUGBY,17C,84004,PG00003766,,,CC0490
6682-6703,6682,SPORTS CLUB - RUGBY MEN,17C,84004,PG00003765,,,CC0490
6682-6700,6682,SPORTS CLUB - GENERAL ADMINISTRATION,17C,84004,PG00003764,,,CC0490
6682-0023,6682,GAY STRAIGHT ALLIANCE CLUB,17C,84004,PG00003761,,,CC0490
6682-0016,6682,HISPANIC CULTURES RSO ACCOUNT,17C,84004,PG00003759,,,CC0490
6682-0014,6682,WOMEN'S SUCCESS PROGRAM,17C,84004,PG00003757,,,CC0490
6682-0013,6682,VETERAN'S CLUB,17C,84004,PG00003756,,,CC0490
6682-0009,6682,CRIMSON SCRUBS CLUB,17C,84004,PG00003754,,,CC0490
6682-0008,6682,WINE APPRECIATION CLUB,17C,84004,PG00003753,,,CC0490
6682-0007,6682,ASWSUTC ADMIN,17C,84004,PG00003752,,,CC0490
6682-0001,6682,INST OF ELECTRONICS & ELECTRICAL ENGRS SOCIETY,17C,84004,PG00003751,,,CC0490
5601-1046,5601,ACCESS,03A,00113,PG00005319,,,CC0498
5601-1007,5601,CAREER,03A,00113,PG00005285,,,CC0498
5640-8117,5640,CAREER FAIR & EMPLOYER RELATED EVENTS,09G,14801,PG00002160,,,CC0498
5601-1036,5601,ORIENTATION - TRI CITIES,15S,57006,PG00002150,,,CC0498
6273-0032,6273,STUDENT SUPPORT SERVICES,16B,52216,PG00005087,,,CC0498
5606-0001,5606,NURSING,06I,00113,PG00005302,,,CC0512
5606-0902,5606,COMPUTER LAB,15F,57006,PG00002896,,,CC0512
5606-0901,5606,NURS UG ADMIN FEE,15F,57006,PG00002895,,,CC0512
5601-1056,5601,ACADEMIC ADVISING,03A,00113,PG00005274,,,CC0546
5618-0002,5618,Library,05A,00113,PG00005071,,,CC0546
5618-0001,5618,LIBRARIES,05A,00113,PG00005071,,,CC0546
2961-0010,2961,WRITING CENTER TRI - CITIES,09B,14801,PG00005325,,,CC0546
5601-1048,5601,REINSTATEMENT FEES,15S,57006,PG00002154,,,CC0546
5607-0903,5607,Math Placement-ALEKS at Tri-Cities,15T,57005,PG00012064,,,CC0546
5601-1038,5601,EXAM PROCTORING,15T,57005,PG00002152,,,CC0546
5601-8016,5601,TUTORING FUND AT WSU TRI-CITIES,17A,84602,,GF003302,,CC0546
5612-0001,5612,Business - Administration,06F,00113,PG00005283,,,CC0547
5612-9901,5612,F AND A - BUSINESS,06F,14802,PG00005264,,,CC0547
5612-2016,5612,Fixed Price Consolidation Acct 5612-2016,13Z,14502,,,GR00006087,CC0547
5612-8100,5612,WSUTC CARSON COLLEGE OF BUSINESS SCHLR FUND,17A,84602,,GF003368,,CC0547
5601-1200,5601,Catering Services TRI-CITIES,15T,57005,PG00015129,,,CC0548
5601-1201,5601,Conference Services TRI-CITIES,15T,57005,PG00005113,,,CC0548
5612-2100,5612,CAFÉ,15T,57005,PG00002159,,,CC0548
5613-9901,5613,F AND A - EDUCATION,06G,14802,PG00005011,,,CC0549
5601-1059,5601,ProTeach,09B,14801,PG00005303,,,CC0549
5613-1103,5613,SALARY ACCRUAL - JONAH FIRESTONE,10F,00113,PG00019057,,,CC0549
5613-1102,5613,SALARY ACCRUAL - JUDY MORRISON,10F,00113,PG00018691,,,CC0549
5613-8097,5613,WSU TRI-CITIES EDUCATION DEVELOPMENT FUND,17A,84602,,GF003372,,CC0549
5606-9901,5606,F AND A - NURSING,06I,14802,PG00015094,,,CC0550
NEW,5606,Nursing - Administration,06I,00113,PG00019529,,,CC0550
5601-2491,5601,The Tri-Cities Nursing Partnership 5601-2491,14K,14502,,,GR00006012,CC0550
5606-8098,5606,WSU TRI-CITIES NURSING DEVELOPMENT FUND,17A,84602,,GF003351,,CC0550
5601-1009,5601,RESEARCH AND GRADUATE STUDIES,08R,00113,PG00016981,,,CC0551
5601-0911,5601,ENVIRONMENTAL HEALTH AND SAFETY,04C,00113,PG00005297,,,CC0552
5670-2080,5670,21st Century Commun Learn Center-Cohort 14 5670-2080,14A,14502,,,GR00006111,CC0553
5670-2090,5670,21st Cent Commnty Learning Center- Cohort 15 5670-2090,14A,14502,,,GR00006114,CC0553
5670-2093,5670,21st Century Community Learning Center Yr3 5670-2093,14A,14502,,,GR00006117,CC0553
5670-2080,5670,Cost Share - 21st Century Commun Learn Center-Cohort 14 5670-2080,14A,14502,,,GR00006111,CC0553
5670-2092,5670,21st Cent Commnty Learning Center - Cohort - Yr2 5670-2092,14A,14502,,,GR00006116,CC0553
5670-2084,5670,21st Century Community Learning Center Yr 14 5670-2084,14A,14502,,,GR00006112,CC0553
5670-2090,5670,Cost Share - 21st Cent Commnty Learning Center- Cohort 15 5670-2090,14A,14502,,,GR00006114,CC0553
5670-2092,5670,Cost Share - 21st Cent Commnty Learning Center - Cohort - Yr2 5670-2092,14A,14502,,,GR00006116,CC0553
5601-1101,5601,SUB O AND M - WSUTC - 25% SUB ONLY,04A,00113,PG00005101,,,CC0554
5601-1043,5601,NON-RESEARCH O AND M,04A,00113,PG00005098,,,CC0554
5601-9923,5601,RESEARCH O&M,04B,14802,PG00019058,,,CC0554
5601-1023,5601,NON-RESEARCH O AND M,04B,00113,PG00015118,,,CC0554
5601-1102,5601,SUB O AND M - WSUTC,04B,00113,PG00005101,,,CC0554
5601-9913,5601,BSEL RESEARCH O&M,04B,14802,PG00005321,,,CC0554
5601-0013,5601,BSEL NON-RESEARCH,04B,00113,PG00005310,,,CC0554
5601-1003,5601,FACILITIES ADMINISTRATION,04C,00113,PG00005312,,,CC0554
5601-1053,5601,NON-RESEARCH O AND M,04D,00113,PG00015120,,,CC0554
5601-1013,5601,NON-RESERARCH O AND M,04D,00113,PG00015119,,,CC0554
5601-1103,5601,SUB O AND M - WSUTC,04D,00113,PG00005101,,,CC0554
5601-1104,5601,SUB O AND M - WSUTC,04D,00113,PG00005101,,,CC0554
5606-0004,5606,LEASED FACILITY - WWCC,06I,00113,PG00005097,,,CC0554
5669-0002,5669,PROPERTY MGMT - BOOKIE,07J,14801,PG00002163,,,CC0554
5601-1008,5601,WINE SCIENCE CENTER,08R,00113,PG00005102,,,CC0554
5601-1063,5601,LEASED FACILITY - ICB,08R,00113,PG00005095,,,CC0554
6906-0001,6906,CONSOLIDATED INFORMATION CENTER,15N,57014,PG00005315,,,CC0554
6906-0002,6906,CONSOLIDATED INFORMATION CENTER,15N,57014,PG00005315,,,CC0554
6907-0002,6907,PROPERTY MGMT - ATKINS,15N,57005,PG00002166,,,CC0554
5607-1002,5607,Equipment Reserve-BSEL PNNL Service Center,15T,57005,PG00015130,,,CC0554
5601-1150,5601,PROPERTY MGMT - LAND LEASE (VINEYARD APTS),15T,57005,PG00005121,,,CC0554
5604-1002,5604,FACILITIES PROJECTS,15T,57005,PG00005120,,,CC0554
5607-1001,5607,BSEL PNNL Service Center,15T,57005,PG00002158,,,CC0554
5604-1001,5604,BSEL Nitrogen Service Center,15T,57005,PG00002157,,,CC0554
6900-0911,6900,SUB O AND M - STUDENT UNION FEE - 75% (includes 0911),16U,52222,PG00014955,,,CC0554
6900-1101,6900,SUB O AND M - STUDENT UNION FEE,16U,52222,PG00014955,,,CC0554
6900-1104,6900,SUB O AND M - STUDENT UNION FEE,16U,52222,PG00014955,,,CC0554
6900-1102,6900,SUB - O AND M - STUDENT UNION FEE,16U,52222,PG00014955,,,CC0554
6900-1103,6900,SUB - O AND M - STUDENT UNION FEE,16U,52222,PG00014955,,,CC0554
5601-8686,5601,WINE SCI CENTER INDIC GARDEN & HERITAGE PATH,17A,84602,,GF003317,,CC0554
5601-2135,5601,CONSOLIDATED INFORMATION CENTER,17A,84602,,GF003278,,CC0554
5620-0001,5620,Physical Plant Services,19A,45013,PG00005120,,,CC0554
NEW,,COLLABORATION HALL O AND M,,00113,PG00019918,,,CC0554
5670-0021,5670,Columbia Basin Upward Bound Program 5670-0021,12G,14501,,,GR00006102,CC0555
5670-0020,5670,Wsu Yakima Valley Upward Bound 2017-2022 5670-0020,12G,14501,,,GR00006101,CC0555
5670-3011,5670,Gear Up Hoh Iv Yr 1 - Dayton 5670-3011,12G,14501,,,GR00005547,CC0556
5670-3013,5670,Cost Share - Gear Up Hoh Iv Yr 3 - Dayton 5670-3013,12G,14501,,,GR00005550,CC0556
5670-3024,5670,Cost Share - Gear Up Hoh Iv Yr 4 - Highlands/Southridge 5670-3024,12G,14501,,,GR00005561,CC0556
5670-3031,5670,Cost Share - Gear Up Hoh Iv Yr 1 - Kennewick Park 5670-3031,12G,14501,,,GR00005564,CC0556
5670-3034,5670,Gear Up Hoh Iv Yr 4 - Kennewick Park 5670-3034,12G,14501,,,GR00005571,CC0556
5670-3035,5670,Gear Up Hoh Iv Yr 5 - Kennewick Park 5670-3035,12G,14501,,,GR00005572,CC0556
5670-3041,5670,Cost Share - Gear Up Hoh Iv Yr 1 - Chief Moses 5670-3041,12G,14501,,,GR00005573,CC0556
5670-3041,5670,Gear Up Hoh Iv Yr 1 - Chief Moses 5670-3041,12G,14501,,,GR00005573,CC0556
5670-3045,5670,Gear Up Hoh Iv Yr 5 - Kamiakin 5670-3045,12G,14501,,,GR00005581,CC0556
5670-3064,5670,Cost Share - Gear Up Hoh Iv Yr 4 - Moses Lake Hs 5670-3064,12G,14501,,,GR00005594,CC0556
5670-3065,5670,Cost Share - Gear Up Hoh Iv Yr 5 - Moses Lake Hs 5670-3065,12G,14501,,,GR00005596,CC0556
5670-3081,5670,Cost Share - Gear Up Hoh Iv Yr 1 - Prescott 5670-3081,12G,14501,,,GR00005610,CC0556
5670-3094,5670,Gear Up Hoh Iv Yr 4 - Soap Lake 5670-3094,12G,14501,,,GR00005626,CC0556
5670-3102,5670,Gear Up Hoh Iv Yr 2 - Touchet 5670-3102,12G,14501,,,GR00005631,CC0556
5670-3103,5670,Cost Share - Gear Up Hoh Iv Yr 3 - Touchet 5670-3103,12G,14501,,,GR00005632,CC0556
5670-3105,5670,Gear Up Hoh Iv Yr 5 - Touchet 5670-3105,12G,14501,,,GR00005636,CC0556
5670-3003,5670,Cost Share - Gear Up Hoh Iv Yr 3 - College Place/John Sager 5670-3003,12G,14501,,,GR00006126,CC0556
5670-3113,5670,Gear Up Hoh Iv Yr 3 - Garrison 5670-3113,12G,14501,,,GR00006296,CC0556
5670-3134,5670,Gear Up Hoh Iv Yr 4 - Warden 5670-3134,12G,14501,,,GR00006316,CC0556
5670-3161,5670,Cost Share - Ovp Iv Gear Up - Year 1 Columbia 5670-3161,12G,14501,,,GR00006332,CC0556
5670-3181,5670,Ovp Iv Gear Up - Year 1 Ochoa 5670-3181,12G,14501,,,GR00006347,CC0556
5670-3201,5670,Cost Share - Ovp Iv Gear Up - Year 1 Ephrata 5670-3201,12G,14501,,,GR00006360,CC0556
5670-3201,5670,Ovp Iv Gear Up - Year 1 Ephrata 5670-3201,12G,14501,,,GR00006360,CC0556
5670-3243,5670,Cost Share - Gear Up Hoh Iv Yr 3 - Kamiakin 5670-3243,12G,14501,,,GR00006389,CC0556
5670-3005,5670,Gear Up Hoh Iv Yr5 - College Place/John Sager 5670-3005,12G,14501,,,GR00005545,CC0556
5670-3014,5670,Gear Up Hoh Iv Yr 4 - Dayton 5670-3014,12G,14501,,,GR00005553,CC0556
5670-3015,5670,Gear Up Hoh Iv Yr 5 - Dayton 5670-3015,12G,14501,,,GR00005554,CC0556
5670-3051,5670,Gear Up Hoh Iv Yr 1 - Endeavor 5670-3051,12G,14501,,,GR00005583,CC0556
5670-3065,5670,Gear Up Hoh Iv Yr 5 - Moses Lake Hs 5670-3065,12G,14501,,,GR00005596,CC0556
5670-3068,5670,Cost Share - Gear Up Hoh Iv Yr 3 - Moses Lake 5670-3068,12G,14501,,,GR00005598,CC0556
5670-3072,5670,Gear Up Hoh Iv Yr 2 - Othello 5670-3072,12G,14501,,,GR00005603,CC0556
5670-3074,5670,Gear Up Hoh Iv Yr 4 - Mcfarland/Othello 5670-3074,12G,14501,,,GR00005607,CC0556
5670-3095,5670,Gear Up Hoh Iv Yr 5 - Soap Lake 5670-3095,12G,14501,,,GR00005627,CC0556
5670-3101,5670,Gear Up Hoh Iv Yr 1 - Touchet 5670-3101,12G,14501,,,GR00005629,CC0556
5670-0010,5670,Cost Share - Gear Up Harvest Of Hope Iv 2016-2023 5670-0010,12G,14501,,,GR00006097,CC0556
5670-2409,5670,Cost Share - Ovp Iv Gear Up - Rgi G003807 5670-2409,12G,14501,,,GR00006120,CC0556
5670-3002,5670,Cost Share - Gear Up Hoh Iv Yr 2 - College Place/John Sager 5670-3002,12G,14501,,,GR00006124,CC0556
5670-3004,5670,Cost Share - Gear Up Hoh Iv Yr 4 - College Place/John Sager 5670-3004,12G,14501,,,GR00006128,CC0556
5670-3112,5670,Cost Share - Gear Up Hoh Iv Yr 2 - Garrison 5670-3112,12G,14501,,,GR00006293,CC0556
5670-3135,5670,Gear Up Hoh Iv Yr 5 - Warden 5670-3135,12G,14501,,,GR00006317,CC0556
5670-3141,5670,Cost Share - Ovp Iv Gear Up - Year 1 Lincoln 5670-3141,12G,14501,,,GR00006318,CC0556
5670-3141,5670,Ovp Iv Gear Up - Year 1 Lincoln 5670-3141,12G,14501,,,GR00006318,CC0556
5670-3142,5670,Cost Share - Ovp Iv Gear Up - Year 2 Lincoln 5670-3142,12G,14501,,,GR00006320,CC0556
5670-3151,5670,Cost Share - Ovp Iv Gear Up - Year 1 Finley 5670-3151,12G,14501,,,GR00006325,CC0556
5670-3152,5670,Cost Share - Ovp Iv Gear Up - Year 2 Finley 5670-3152,12G,14501,,,GR00006327,CC0556
5670-3161,5670,Ovp Iv Gear Up - Year 1 Columbia 5670-3161,12G,14501,,,GR00006332,CC0556
5670-3183,5670,Cost Share - Ovp Iv Gear Up - Year 3 Chiawana Hs 5670-3183,12G,14501,,,GR00006350,CC0556
5670-3202,5670,Cost Share - Ovp Iv Gear Up - Year 2 Ephrata 5670-3202,12G,14501,,,GR00006362,CC0556
5670-3204,5670,Ovp Iv Gear Up - Year 4 Ephrata Hs 5670-3204,12G,14501,,,GR00006366,CC0556
5670-3212,5670,Cost Share - Ovp Iv Gear Up - Year 2 Mabton 5670-3212,12G,14501,,,GR00006369,CC0556
5670-3212,5670,Ovp Iv Gear Up - Year 2 Mabton 5670-3212,12G,14501,,,GR00006369,CC0556
5670-3213,5670,Cost Share - Ovp Iv Gear Up - Year 3 Mabton 5670-3213,12G,14501,,,GR00006371,CC0556
5670-3224,5670,Ovp Iv Gear Up- Year 4 Connell Hs 5670-3224,12G,14501,,,GR00006380,CC0556
5670-3024,5670,Gear Up Hoh Iv Yr 4 - Highlands/Southridge 5670-3024,12G,14501,,,GR00005561,CC0556
5670-3033,5670,Cost Share - Gear Up Hoh Iv Yr 3 - Kennewick Park 5670-3033,12G,14501,,,GR00005568,CC0556
5670-3051,5670,Cost Share - Gear Up Hoh Iv Yr 1 - Endeavor 5670-3051,12G,14501,,,GR00005583,CC0556
5670-3052,5670,Cost Share - Gear Up Hoh Iv Yr 2 - Endeavor 5670-3052,12G,14501,,,GR00005584,CC0556
5670-3068,5670,Gear Up Hoh Iv Yr 3 - Moses Lake 5670-3068,12G,14501,,,GR00005598,CC0556
5670-3103,5670,Gear Up Hoh Iv Yr 3 - Touchet 5670-3103,12G,14501,,,GR00005632,CC0556
5670-3111,5670,Cost Share - Gear Up Hoh Iv Yr 1 - Garrison 5670-3111,12G,14501,,,GR00005637,CC0556
5670-3143,5670,Cost Share - Ovp Iv Gear Up - Year 3 Clarkston Hs 5670-3143,12G,14501,,,GR00006322,CC0556
5670-3153,5670,Cost Share - Ovp Iv Gear Up - Year 3 Riverview Hs 5670-3153,12G,14501,,,GR00006329,CC0556
5670-3163,5670,Cost Share - Ovp Iv Gear Up - Year 3 Columbia 5670-3163,12G,14501,,,GR00006336,CC0556
5670-3171,5670,Ovp Iv Gear Up - Year 1 Stevens 5670-3171,12G,14501,,,GR00006340,CC0556
5670-3183,5670,Ovp Iv Gear Up - Year 3 Chiawana Hs 5670-3183,12G,14501,,,GR00006350,CC0556
5670-3203,5670,Cost Share - Ovp Iv Gear Up - Year 3 Ephrata 5670-3203,12G,14501,,,GR00006364,CC0556
5670-3214,5670,Ovp Iv Gear Up - Year 4 Mabton Hs 5670-3214,12G,14501,,,GR00006373,CC0556
5670-3023,5670,Gear Up Hoh Iv Yr 3 - Highlands/Southridge 5670-3023,12G,14501,,,GR00005560,CC0556
5670-3062,5670,Gear Up Hoh Iv Yr 2 - Frontier 5670-3062,12G,14501,,,GR00005591,CC0556
5670-3063,5670,Cost Share - Gear Up Hoh Iv Yr 3 - Frontier 5670-3063,12G,14501,,,GR00005592,CC0556
5670-3082,5670,Gear Up Hoh Iv Yr 2 - Prescott 5670-3082,12G,14501,,,GR00005613,CC0556
5670-3083,5670,Cost Share - Gear Up Hoh Iv Yr 3 - Prescott 5670-3083,12G,14501,,,GR00005614,CC0556
5670-3083,5670,Gear Up Hoh Iv Yr 3 - Prescott 5670-3083,12G,14501,,,GR00005614,CC0556
5670-3092,5670,Gear Up Hoh Iv Yr 2 - Soap Lake 5670-3092,12G,14501,,,GR00005622,CC0556
5670-3094,5670,Cost Share - Gear Up Hoh Iv Yr 4 - Soap Lake 5670-3094,12G,14501,,,GR00005626,CC0556
5670-2408,5670,Cost Share - Gear Up Hoh Iv - Rgi G003685 5670-2408,12G,14501,,,GR00006118,CC0556
5670-3113,5670,Cost Share - Gear Up Hoh Iv Yr 3 - Garrison 5670-3113,12G,14501,,,GR00006296,CC0556
5670-3118,5670,Cost Share - Gear Up Hoh Iv Yr 3 - Walla Walla 5670-3118,12G,14501,,,GR00006297,CC0556
5670-3118,5670,Gear Up Hoh Iv Yr 3 - Walla Walla 5670-3118,12G,14501,,,GR00006297,CC0556
5670-3121,5670,Gear Up Hoh Iv Yr 1 - Pioneer 5670-3121,12G,14501,,,GR00006300,CC0556
5670-3124,5670,Gear Up Hoh Iv Yr 4 - Walla Walla Hs 5670-3124,12G,14501,,,GR00006306,CC0556
5670-3125,5670,Cost Share - Gear Up Hoh Iv Yr 5 - Walla Walla Hs 5670-3125,12G,14501,,,GR00006307,CC0556
5670-3131,5670,Cost Share - Gear Up Hoh Iv Yr 1 - Warden 5670-3131,12G,14501,,,GR00006309,CC0556
5670-3132,5670,Gear Up Hoh Iv Yr 2 - Warden 5670-3132,12G,14501,,,GR00006312,CC0556
5670-3134,5670,Cost Share - Gear Up Hoh Iv Yr 4 - Warden 5670-3134,12G,14501,,,GR00006316,CC0556
5670-3163,5670,Ovp Iv Gear Up - Year 3 Columbia 5670-3163,12G,14501,,,GR00006336,CC0556
5670-3172,5670,Ovp Iv Gear Up - Year 2 Stevens 5670-3172,12G,14501,,,GR00006342,CC0556
5670-3191,5670,Cost Share - Ovp Iv Gear Up - Year 1 Housel 5670-3191,12G,14501,,,GR00006353,CC0556
5670-3192,5670,Ovp Iv Gear Up - Year 2 Housel 5670-3192,12G,14501,,,GR00006356,CC0556
5670-3222,5670,Ovp Iv Gear Up - Year 2 Robert Olds 5670-3222,12G,14501,,,GR00006377,CC0556
5670-3223,5670,Cost Share - Ovp Iv Gear Up - Year 3 Connell Hs 5670-3223,12G,14501,,,GR00006378,CC0556
5670-3232,5670,Ovp Iv Gear Up - Year 2 Kiona Benton 5670-3232,12G,14501,,,GR00006384,CC0556
5670-3012,5670,Gear Up Hoh Iv Yr 2 - Dayton 5670-3012,12G,14501,,,GR00005549,CC0556
5670-3022,5670,Gear Up Hoh Iv Yr 2 - Kennewick Highlands 5670-3022,12G,14501,,,GR00005558,CC0556
5670-3031,5670,Gear Up Hoh Iv Yr 1 - Kennewick Park 5670-3031,12G,14501,,,GR00005564,CC0556
5670-3032,5670,Gear Up Hoh Iv Yr 2 - Kennewick Park 5670-3032,12G,14501,,,GR00005567,CC0556
5670-3044,5670,Gear Up Hoh Iv Yr 4 - Kamiakin 5670-3044,12G,14501,,,GR00005580,CC0556
5670-3052,5670,Gear Up Hoh Iv Yr 2 - Endeavor 5670-3052,12G,14501,,,GR00005584,CC0556
5670-3061,5670,Cost Share - Gear Up Hoh Iv Yr 1 - Frontier 5670-3061,12G,14501,,,GR00005588,CC0556
5670-3061,5670,Gear Up Hoh Iv Yr 1 - Frontier 5670-3061,12G,14501,,,GR00005588,CC0556
5670-3071,5670,Gear Up Hoh Iv Yr 1 - Othello 5670-3071,12G,14501,,,GR00005601,CC0556
5670-3072,5670,Cost Share - Gear Up Hoh Iv Yr 2 - Othello 5670-3072,12G,14501,,,GR00005603,CC0556
5670-3073,5670,Cost Share - Gear Up Hoh Iv Yr 3 - Mcfarland/Othello 5670-3073,12G,14501,,,GR00005604,CC0556
5670-3073,5670,Gear Up Hoh Iv Yr 3 - Mcfarland/Othello 5670-3073,12G,14501,,,GR00005604,CC0556
5670-3075,5670,Gear Up Hoh Iv Yr 5 - Mcfarland/Othello 5670-3075,12G,14501,,,GR00005609,CC0556
5670-3082,5670,Cost Share - Gear Up Hoh Iv Yr 2 - Prescott 5670-3082,12G,14501,,,GR00005613,CC0556
5670-3084,5670,Cost Share - Gear Up Hoh Iv Yr 4 - Prescott 5670-3084,12G,14501,,,GR00005616,CC0556
5670-3091,5670,Cost Share - Gear Up Hoh Iv Yr 1 - Soap Lake 5670-3091,12G,14501,,,GR00005619,CC0556
5670-3093,5670,Cost Share - Gear Up Hoh Iv Yr 3 - Soap Lake 5670-3093,12G,14501,,,GR00005623,CC0556
5670-3001,5670,Gear Up Hoh Iv Yr 1 - College Place/John Sager 5670-3001,12G,14501,,,GR00006123,CC0556
5670-3122,5670,Gear Up Hoh Iv Yr 2 - Pioneer 5670-3122,12G,14501,,,GR00006302,CC0556
5670-3123,5670,Cost Share - Gear Up Hoh Iv Yr 3 - Pioneer 5670-3123,12G,14501,,,GR00006303,CC0556
5670-3123,5670,Gear Up Hoh Iv Yr 3 - Pioneer 5670-3123,12G,14501,,,GR00006303,CC0556
5670-3153,5670,Ovp Iv Gear Up - Year 3 Riverview Hs 5670-3153,12G,14501,,,GR00006329,CC0556
5670-3171,5670,Cost Share - Ovp Iv Gear Up - Year 1 Stevens 5670-3171,12G,14501,,,GR00006340,CC0556
5670-3181,5670,Cost Share - Ovp Iv Gear Up - Year 1 Ochoa 5670-3181,12G,14501,,,GR00006347,CC0556
5670-3192,5670,Cost Share - Ovp Iv Gear Up - Year 2 Housel 5670-3192,12G,14501,,,GR00006356,CC0556
5670-3211,5670,Ovp Iv Gear Up - Year 1 Mabton 5670-3211,12G,14501,,,GR00006368,CC0556
5670-3222,5670,Cost Share - Ovp Iv Gear Up - Year 2 Robert Olds 5670-3222,12G,14501,,,GR00006377,CC0556
5670-3034,5670,Cost Share - Gear Up Hoh Iv Yr 4 - Kennewick Park 5670-3034,12G,14501,,,GR00005571,CC0556
5670-3043,5670,Cost Share - Gear Up Hoh Iv Yr 3 - Chief Moses 5670-3043,12G,14501,,,GR00005577,CC0556
5670-3053,5670,Cost Share - Gear Up Hoh Iv Yr 3 - Endeavor 5670-3053,12G,14501,,,GR00005586,CC0556
5670-3071,5670,Cost Share - Gear Up Hoh Iv Yr 1 - Othello 5670-3071,12G,14501,,,GR00005601,CC0556
5670-3074,5670,Cost Share - Gear Up Hoh Iv Yr 4 - Mcfarland/Othello 5670-3074,12G,14501,,,GR00005607,CC0556
5670-3084,5670,Gear Up Hoh Iv Yr 4 - Prescott 5670-3084,12G,14501,,,GR00005616,CC0556
5670-3092,5670,Cost Share - Gear Up Hoh Iv Yr 2 - Soap Lake 5670-3092,12G,14501,,,GR00005622,CC0556
5670-3104,5670,Gear Up Hoh Iv Yr 4 - Touchet 5670-3104,12G,14501,,,GR00005635,CC0556
5670-0030,5670,Cost Share - Ovp Iv Gear Up - Wsu Admin 2017-2024 5670-0030,12G,14501,,,GR00006103,CC0556
5670-0030,5670,Ovp Iv Gear Up - Wsu Admin 2017-2024 5670-0030,12G,14501,,,GR00006103,CC0556
5670-2409,5670,Ovp Iv Gear Up - Rgi G003807 5670-2409,12G,14501,,,GR00006120,CC0556
5670-3112,5670,Gear Up Hoh Iv Yr 2 - Garrison 5670-3112,12G,14501,,,GR00006293,CC0556
5670-3121,5670,Cost Share - Gear Up Hoh Iv Yr 1 - Pioneer 5670-3121,12G,14501,,,GR00006300,CC0556
5670-3131,5670,Gear Up Hoh Iv Yr 1 - Warden 5670-3131,12G,14501,,,GR00006309,CC0556
5670-3133,5670,Gear Up Hoh Iv Yr 3 - Warden 5670-3133,12G,14501,,,GR00006314,CC0556
5670-3162,5670,Cost Share - Ovp Iv Gear Up - Year 2 Columbia 5670-3162,12G,14501,,,GR00006334,CC0556
5670-3164,5670,Ovp Iv Gear Up- Year 4 Columbia Hs 5670-3164,12G,14501,,,GR00006338,CC0556
5670-3172,5670,Cost Share - Ovp Iv Gear Up - Year 2 Stevens 5670-3172,12G,14501,,,GR00006342,CC0556
5670-3174,5670,Ovp Iv Gear Up - Year 4 Pasco Hs 5670-3174,12G,14501,,,GR00006345,CC0556
5670-3182,5670,Cost Share - Ovp Iv Gear Up - Year 2 Ochoa 5670-3182,12G,14501,,,GR00006348,CC0556
5670-3191,5670,Ovp Iv Gear Up - Year 1 Housel 5670-3191,12G,14501,,,GR00006353,CC0556
5670-3193,5670,Ovp Iv Gear Up - Year 3 Prosser Hs 5670-3193,12G,14501,,,GR00006358,CC0556
5670-3221,5670,Ovp Iv Gear Up - Year 1 Robert Olds 5670-3221,12G,14501,,,GR00006375,CC0556
5670-3231,5670,Cost Share - Ovp Iv Gear Up - Year 1 Kiona Benton 5670-3231,12G,14501,,,GR00006381,CC0556
5670-3232,5670,Cost Share - Ovp Iv Gear Up - Year 2 Kiona Benton 5670-3232,12G,14501,,,GR00006384,CC0556
5670-3233,5670,Cost Share - Ovp Iv Gear Up - Year 3 Kiona Benton 5670-3233,12G,14501,,,GR00006385,CC0556
5670-3234,5670,Ovp Iv Gear Up - Year 4 Kiona-Benton Hs 5670-3234,12G,14501,,,GR00006387,CC0556
5670-3014,5670,Cost Share - Gear Up Hoh Iv Yr 4 - Dayton 5670-3014,12G,14501,,,GR00005553,CC0556
5670-3021,5670,Cost Share - Gear Up Hoh Iv Yr 1 - Kennewick Highlands 5670-3021,12G,14501,,,GR00005555,CC0556
5670-3025,5670,Gear Up Hoh Iv Yr 5 - Highlands/Southridge 5670-3025,12G,14501,,,GR00005563,CC0556
5670-3043,5670,Gear Up Hoh Iv Yr 3 - Chief Moses 5670-3043,12G,14501,,,GR00005577,CC0556
5670-3053,5670,Gear Up Hoh Iv Yr 3 - Endeavor 5670-3053,12G,14501,,,GR00005586,CC0556
5670-3062,5670,Cost Share - Gear Up Hoh Iv Yr 2 - Frontier 5670-3062,12G,14501,,,GR00005591,CC0556
5670-3075,5670,Cost Share - Gear Up Hoh Iv Yr 5 - Mcfarland/Othello 5670-3075,12G,14501,,,GR00005609,CC0556
5670-3085,5670,Gear Up Hoh Iv Yr 5 - Prescott 5670-3085,12G,14501,,,GR00005618,CC0556
5670-3102,5670,Cost Share - Gear Up Hoh Iv Yr 2 - Touchet 5670-3102,12G,14501,,,GR00005631,CC0556
5670-3104,5670,Cost Share - Gear Up Hoh Iv Yr 4 - Touchet 5670-3104,12G,14501,,,GR00005635,CC0556
5670-3001,5670,Cost Share - Gear Up Hoh Iv Yr 1 - College Place/John Sager 5670-3001,12G,14501,,,GR00006123,CC0556
5670-3124,5670,Cost Share - Gear Up Hoh Iv Yr 4 - Walla Walla Hs 5670-3124,12G,14501,,,GR00006306,CC0556
5670-3132,5670,Cost Share - Gear Up Hoh Iv Yr 2 - Warden 5670-3132,12G,14501,,,GR00006312,CC0556
5670-3143,5670,Ovp Iv Gear Up - Year 3 Clarkston Hs 5670-3143,12G,14501,,,GR00006322,CC0556
5670-3151,5670,Ovp Iv Gear Up - Year 1 Finley 5670-3151,12G,14501,,,GR00006325,CC0556
5670-3182,5670,Ovp Iv Gear Up - Year 2 Ochoa 5670-3182,12G,14501,,,GR00006348,CC0556
5670-3194,5670,Ovp Iv Gear Up - Year 4 Prosser Hs 5670-3194,12G,14501,,,GR00006359,CC0556
5670-3202,5670,Ovp Iv Gear Up - Year 2 Ephrata 5670-3202,12G,14501,,,GR00006362,CC0556
5670-3211,5670,Cost Share - Ovp Iv Gear Up - Year 1 Mabton 5670-3211,12G,14501,,,GR00006368,CC0556
5670-3223,5670,Ovp Iv Gear Up - Year 3 Connell Hs 5670-3223,12G,14501,,,GR00006378,CC0556
5670-3011,5670,Cost Share - Gear Up Hoh Iv Yr 1 - Dayton 5670-3011,12G,14501,,,GR00005547,CC0556
5670-3012,5670,Cost Share - Gear Up Hoh Iv Yr 2 - Dayton 5670-3012,12G,14501,,,GR00005549,CC0556
5670-3013,5670,Gear Up Hoh Iv Yr 3 - Dayton 5670-3013,12G,14501,,,GR00005550,CC0556
5670-3021,5670,Gear Up Hoh Iv Yr 1 - Kennewick Highlands 5670-3021,12G,14501,,,GR00005555,CC0556
5670-3022,5670,Cost Share - Gear Up Hoh Iv Yr 2 - Kennewick Highlands 5670-3022,12G,14501,,,GR00005558,CC0556
5670-3023,5670,Cost Share - Gear Up Hoh Iv Yr 3 - Highlands/Southridge 5670-3023,12G,14501,,,GR00005560,CC0556
5670-3032,5670,Cost Share - Gear Up Hoh Iv Yr 2 - Kennewick Park 5670-3032,12G,14501,,,GR00005567,CC0556
5670-3033,5670,Gear Up Hoh Iv Yr 3 - Kennewick Park 5670-3033,12G,14501,,,GR00005568,CC0556
5670-3042,5670,Cost Share - Gear Up Hoh Iv Yr 2 - Chief Moses 5670-3042,12G,14501,,,GR00005575,CC0556
5670-3042,5670,Gear Up Hoh Iv Yr 2 - Chief Moses 5670-3042,12G,14501,,,GR00005575,CC0556
5670-3044,5670,Cost Share - Gear Up Hoh Iv Yr 4 - Kamiakin 5670-3044,12G,14501,,,GR00005580,CC0556
5670-3063,5670,Gear Up Hoh Iv Yr 3 - Frontier 5670-3063,12G,14501,,,GR00005592,CC0556
5670-3064,5670,Gear Up Hoh Iv Yr 4 - Moses Lake Hs 5670-3064,12G,14501,,,GR00005594,CC0556
5670-3081,5670,Gear Up Hoh Iv Yr 1 - Prescott 5670-3081,12G,14501,,,GR00005610,CC0556
5670-3091,5670,Gear Up Hoh Iv Yr 1 - Soap Lake 5670-3091,12G,14501,,,GR00005619,CC0556
5670-3093,5670,Gear Up Hoh Iv Yr 3 - Soap Lake 5670-3093,12G,14501,,,GR00005623,CC0556
5670-3101,5670,Cost Share - Gear Up Hoh Iv Yr 1 - Touchet 5670-3101,12G,14501,,,GR00005629,CC0556
5670-3111,5670,Gear Up Hoh Iv Yr 1 - Garrison 5670-3111,12G,14501,,,GR00005637,CC0556
5670-0010,5670,Gear Up Harvest Of Hope Iv 2016-2023 5670-0010,12G,14501,,,GR00006097,CC0556
5670-2408,5670,Gear Up Hoh Iv - Rgi G003685 5670-2408,12G,14501,,,GR00006118,CC0556
5670-3002,5670,Gear Up Hoh Iv Yr 2 - College Place/John Sager 5670-3002,12G,14501,,,GR00006124,CC0556
5670-3003,5670,Gear Up Hoh Iv Yr 3 - College Place/John Sager 5670-3003,12G,14501,,,GR00006126,CC0556
5670-3004,5670,Gear Up Hoh Iv Yr 4 - College Place/John Sager 5670-3004,12G,14501,,,GR00006128,CC0556
5670-3122,5670,Cost Share - Gear Up Hoh Iv Yr 2 - Pioneer 5670-3122,12G,14501,,,GR00006302,CC0556
5670-3125,5670,Gear Up Hoh Iv Yr 5 - Walla Walla Hs 5670-3125,12G,14501,,,GR00006307,CC0556
5670-3133,5670,Cost Share - Gear Up Hoh Iv Yr 3 - Warden 5670-3133,12G,14501,,,GR00006314,CC0556
5670-3142,5670,Ovp Iv Gear Up - Year 2 Lincoln 5670-3142,12G,14501,,,GR00006320,CC0556
5670-3144,5670,Ovp Iv Gear Up- Year 4 Clarkston Hs 5670-3144,12G,14501,,,GR00006324,CC0556
5670-3152,5670,Ovp Iv Gear Up - Year 2 Finley 5670-3152,12G,14501,,,GR00006327,CC0556
5670-3154,5670,Ovp Iv Gear Up -Year 4 Riverview Hs 5670-3154,12G,14501,,,GR00006331,CC0556
5670-3162,5670,Ovp Iv Gear Up - Year 2 Columbia 5670-3162,12G,14501,,,GR00006334,CC0556
5670-3173,5670,Cost Share - Ovp Iv Gear Up - Year 3 Pasco High 5670-3173,12G,14501,,,GR00006343,CC0556
5670-3173,5670,Ovp Iv Gear Up - Year 3 Pasco High 5670-3173,12G,14501,,,GR00006343,CC0556
5670-3184,5670,Ovp Iv Gear Up - Year 4 Chiawana Hs 5670-3184,12G,14501,,,GR00006352,CC0556
5670-3193,5670,Cost Share - Ovp Iv Gear Up - Year 3 Prosser Hs 5670-3193,12G,14501,,,GR00006358,CC0556
5670-3203,5670,Ovp Iv Gear Up - Year 3 Ephrata 5670-3203,12G,14501,,,GR00006364,CC0556
5670-3213,5670,Ovp Iv Gear Up - Year 3 Mabton 5670-3213,12G,14501,,,GR00006371,CC0556
5670-3221,5670,Cost Share - Ovp Iv Gear Up - Year 1 Robert Olds 5670-3221,12G,14501,,,GR00006375,CC0556
5670-3231,5670,Ovp Iv Gear Up - Year 1 Kiona Benton 5670-3231,12G,14501,,,GR00006381,CC0556
5670-3233,5670,Ovp Iv Gear Up - Year 3 Kiona Benton 5670-3233,12G,14501,,,GR00006385,CC0556
5670-3243,5670,Gear Up Hoh Iv Yr 3 - Kamiakin 5670-3243,12G,14501,,,GR00006389,CC0556
5670-3401,5670,Ovp V Gear Up - Yr 1 Stevens 5670-3401,12G,14501,,,GR00006419,CC0556
5670-3404,5670,Ovp V Gear Up - Yr 1 Covington 5670-3404,12G,14501,,,GR00006425,CC0556
5670-3406,5670,Ovp V Gear Up - Yr 1 Robert Olds 5670-3406,12G,14501,,,GR00006429,CC0556
5670-3407,5670,Cost Share - Ovp V Gear Up - Yr 1 Housel 5670-3407,12G,14501,,,GR00006430,CC0556
5670-3407,5670,Ovp V Gear Up - Yr 1 Housel 5670-3407,12G,14501,,,GR00006430,CC0556
5670-3413,5670,Cost Share - Ovp V Gear Up - Yr 1 Mabton 5670-3413,12G,14501,,,GR00006442,CC0556
5670-3301,5670,Cost Share - Harvest Of Hope V Gear Up- Yr 1 Dayton 5670-3301,12G,14501,,,GR00006392,CC0556
5670-3302,5670,Harvest Of Hope V Gear Up-Yr 1 Park 5670-3302,12G,14501,,,GR00006395,CC0556
5670-3308,5670,Harvest Of Hope V Gear Up- Yr 1 Prescott 5670-3308,12G,14501,,,GR00006407,CC0556
5670-3311,5670,Cost Share - Harvest Of Hope V Gear Up-Yr 1 Garrison 5670-3311,12G,14501,,,GR00006412,CC0556
5670-0011,5670,Harvest Of Hope V Gear Up-Admin 2020-2027 5670-0011,12G,14501,,,GR00006100,CC0556
5670-3305,5670,Cost Share - Harvest Of Hope V Gear Up-Yr 1 Endeavor 5670-3305,12G,14501,,,GR00006400,CC0556
5670-3306,5670,Cost Share - Harvest Of Hope V Gear Up-Yr 1 Frontier 5670-3306,12G,14501,,,GR00006402,CC0556
5670-3310,5670,Harvest Of Hope V Gear Up-Yr 1 Touchet 5670-3310,12G,14501,,,GR00006411,CC0556
5670-3312,5670,Harvest Of Hope V Gear Up- Yr 1 Pioneer 5670-3312,12G,14501,,,GR00006415,CC0556
5670-3306,5670,Harvest Of Hope V Gear Up-Yr 1 Frontier 5670-3306,12G,14501,,,GR00006402,CC0556
5670-3312,5670,Cost Share - Harvest Of Hope V Gear Up- Yr 1 Pioneer 5670-3312,12G,14501,,,GR00006415,CC0556
5670-3408,5670,Cost Share - Ovp V Gear Up - Yr 1 Lincoln 5670-3408,12G,14501,,,GR00006432,CC0556
5670-3412,5670,Ovp V Gear Up - Yr 1 Kiona Benton 5670-3412,12G,14501,,,GR00006441,CC0556
5670-3413,5670,Ovp V Gear Up - Yr 1 Mabton 5670-3413,12G,14501,,,GR00006442,CC0556
5670-3302,5670,Cost Share - Harvest Of Hope V Gear Up-Yr 1 Park 5670-3302,12G,14501,,,GR00006395,CC0556
5670-3303,5670,Harvest Of Hope V Gear Up-Yr 1 Highlands 5670-3303,12G,14501,,,GR00006397,CC0556
5670-3310,5670,Cost Share - Harvest Of Hope V Gear Up-Yr 1 Touchet 5670-3310,12G,14501,,,GR00006411,CC0556
5670-3313,5670,Cost Share - Harvest Of Hope V Gear Up -Yr 1 Warden 5670-3313,12G,14501,,,GR00006416,CC0556
5670-3403,5670,Ovp V Gear Up - Yr 1 Cascade 5670-3403,12G,14501,,,GR00006423,CC0556
5670-3404,5670,Cost Share - Ovp V Gear Up - Yr 1 Covington 5670-3404,12G,14501,,,GR00006425,CC0556
5670-3405,5670,Ovp V Gear Up - Yr 1 Wy'East 5670-3405,12G,14501,,,GR00006427,CC0556
5670-3408,5670,Ovp V Gear Up - Yr 1 Lincoln 5670-3408,12G,14501,,,GR00006432,CC0556
5670-3410,5670,Cost Share - Ovp V Gear Up - Yr 1 Finley 5670-3410,12G,14501,,,GR00006436,CC0556
5670-3410,5670,Ovp V Gear Up - Yr 1 Finley 5670-3410,12G,14501,,,GR00006436,CC0556
5670-3411,5670,Ovp V Gear Up - Yr 1 Columbia 5670-3411,12G,14501,,,GR00006439,CC0556
5670-3300,5670,Cost Share - Harvest Of Hope V Gear Up-Yr 1 College Place 5670-3300,12G,14501,,,GR00006390,CC0556
5670-3304,5670,Harvews Of Hope V Gear Up -Yr 1 Cheif Moses 5670-3304,12G,14501,,,GR00006399,CC0556
5670-3309,5670,Cost Share - Harvest Of Hope V Gear Up-Yr 1 Soap Lake 5670-3309,12G,14501,,,GR00006408,CC0556
5670-3402,5670,Cost Share - Ovp V Gear Up - Yr 1 Ochoa 5670-3402,12G,14501,,,GR00006420,CC0556
5670-3402,5670,Ovp V Gear Up - Yr 1 Ochoa 5670-3402,12G,14501,,,GR00006420,CC0556
5670-3405,5670,Cost Share - Ovp V Gear Up - Yr 1 Wy'East 5670-3405,12G,14501,,,GR00006427,CC0556
5670-0031,5670,Ovp V Gear Up - Admin 2020-2027 5670-0031,12G,14501,,,GR00006106,CC0556
5670-3300,5670,Harvest Of Hope V Gear Up-Yr 1 College Place 5670-3300,12G,14501,,,GR00006390,CC0556
5670-3301,5670,Harvest Of Hope V Gear Up- Yr 1 Dayton 5670-3301,12G,14501,,,GR00006392,CC0556
5670-3303,5670,Cost Share - Harvest Of Hope V Gear Up-Yr 1 Highlands 5670-3303,12G,14501,,,GR00006397,CC0556
5670-3308,5670,Cost Share - Harvest Of Hope V Gear Up- Yr 1 Prescott 5670-3308,12G,14501,,,GR00006407,CC0556
5670-3406,5670,Cost Share - Ovp V Gear Up - Yr 1 Robert Olds 5670-3406,12G,14501,,,GR00006429,CC0556
5670-3411,5670,Cost Share - Ovp V Gear Up - Yr 1 Columbia 5670-3411,12G,14501,,,GR00006439,CC0556
5670-0011,5670,Cost Share - Harvest Of Hope V Gear Up-Admin 2020-2027 5670-0011,12G,14501,,,GR00006100,CC0556
5670-3305,5670,Harvest Of Hope V Gear Up-Yr 1 Endeavor 5670-3305,12G,14501,,,GR00006400,CC0556
5670-3307,5670,Harvest Of Hope V Gear Up-Yr 1 Mcfarland 5670-3307,12G,14501,,,GR00006405,CC0556
5670-3309,5670,Harvest Of Hope V Gear Up-Yr 1 Soap Lake 5670-3309,12G,14501,,,GR00006408,CC0556
5670-3313,5670,Harvest Of Hope V Gear Up -Yr 1 Warden 5670-3313,12G,14501,,,GR00006416,CC0556
5670-3401,5670,Cost Share - Ovp V Gear Up - Yr 1 Stevens 5670-3401,12G,14501,,,GR00006419,CC0556
5670-3403,5670,Cost Share - Ovp V Gear Up - Yr 1 Cascade 5670-3403,12G,14501,,,GR00006423,CC0556
5670-3409,5670,Cost Share - Ovp V Gear Up - Yr 1 Ephrata 5670-3409,12G,14501,,,GR00006434,CC0556
5670-3409,5670,Ovp V Gear Up - Yr 1 Ephrata 5670-3409,12G,14501,,,GR00006434,CC0556
5670-3412,5670,Cost Share - Ovp V Gear Up - Yr 1 Kiona Benton 5670-3412,12G,14501,,,GR00006441,CC0556
5670-0031,5670,Cost Share - Ovp V Gear Up - Admin 2020-2027 5670-0031,12G,14501,,,GR00006106,CC0556
5670-3304,5670,Cost Share - Harvews Of Hope V Gear Up -Yr 1 Cheif Moses 5670-3304,12G,14501,,,GR00006399,CC0556
5670-3307,5670,Cost Share - Harvest Of Hope V Gear Up-Yr 1 Mcfarland 5670-3307,12G,14501,,,GR00006405,CC0556
5670-3311,5670,Harvest Of Hope V Gear Up-Yr 1 Garrison 5670-3311,12G,14501,,,GR00006412,CC0556
5601-3167,5601,GEAR UP DEVELOPMENT FUND AT WSUTC,17A,84602,,GF003282,,CC0556
5601-0007,5601,EQUIPMENT RESERVE - MOTOR POOL,19A,46001,PG00015131,,,CC0557
5601-0006,5601,MOTOR POOL Tri-Cities,19A,46001,PG00002149,,,CC0557
9456-0103,9456,General Area Reserve - Area 56,01C,00113,PG00018689,,,CC0558
9856-0103,9856,CONTROL ACCOUNT,01C,00113,PG00018689,,,CC0558
9956-0103,9956,AREA RESERVE ACCOUNT,01C,00113,PG00018689,,,CC0558
9456-0301,9456,GENERAL AREA RESERVE-AREA56,03A,00113,PG00018689,,,CC0558
9456-0301,9456,GENERAL AREA RESERVE-AREA56,03A,14802,PG00018689,,,CC0558
9856-0301,9856,Control Account,03A,00113,PG00018689,,,CC0558
9956-0301,9956,AREA RESERVE ACCOUNT,03A,00113,PG00018689,,,CC0558
9456-0302,9456,General Area Reserve - Area 56,03B,00113,PG00018689,,,CC0558
9856-0302,9856,Control Account,03B,00113,PG00018689,,,CC0558
9456-0326,9456,BUDGET REDUCTIONS,03Z,00113,PG00018689,,,CC0558
9456-0401,9456,GENERAL AREA RESERVE-AREA 56,04A,00113,PG00018689,,,CC0558
9856-0401,9856,Control Account,04A,00113,PG00018689,,,CC0558
9456-0402,9456,GENERAL AREA RESERVE - AREA 56,04B,00113,PG00018689,,,CC0558
9456-0402,9456,GENERAL AREA RESERVE - AREA 56,04B,14802,PG00018689,,,CC0558
9856-0402,9856,CONTROL ACCOUNT,04B,00113,PG00018689,,,CC0558
9856-0402,9856,CONTROL ACCOUNT,04B,14802,PG00018689,,,CC0558
9956-0402,9956,AREA RESERVE ACCOUNT,04B,00113,PG00018689,,,CC0558
9456-0403,9456,General Area Reserve - Area 56,04C,00113,PG00018689,,,CC0558
9456-0403,9456,General Area Reserve - Area 56,04C,14805,PG00018689,,,CC0558
9856-0403,9856,Control Account,04C,00113,PG00018689,,,CC0558
9856-0403,9856,Control Account,04C,14805,PG00018689,,,CC0558
9956-0403,9956,AREA RESERVE ACCOUNT,04C,00113,PG00018689,,,CC0558
9956-0403,9956,AREA RESERVE ACCOUNT,04C,14805,PG00018689,,,CC0558
9456-0404,9456,GENERAL AREA RESERVE - AREA 56,04D,00113,PG00018689,,,CC0558
9456-0404,9456,GENERAL AREA RESERVE - AREA 56,04D,14802,PG00018689,,,CC0558
9856-0404,9856,CONTROL ACCOUNT,04D,00113,PG00018689,,,CC0558
9956-0404,9956,AREA RESERVE ACCOUNT,04D,00113,PG00018689,,,CC0558
9456-0501,9456,General Area Reserve - Area 56,05A,00113,PG00018689,,,CC0558
9456-0501,9456,General Area Reserve - Area 56,05A,14802,PG00018689,,,CC0558
9856-0501,9856,Control Account,05A,00113,PG00018689,,,CC0558
9956-0501,9956,reserve- tri-cities,05A,00113,PG00018689,,,CC0558
9456-0602,9456,General Area Reserve - Area 56,06B,00113,PG00018689,,,CC0558
9456-0602,9456,General Area Reserve - Area 56,06B,14802,PG00018689,,,CC0558
9456-0602,9456,General Area Reserve - Area 56,06B,14803,PG00018689,,,CC0558
9456-9901,9456,General Area Reserve - Area 56,06B,14802,PG00018689,,,CC0558
9856-0602,9856,Control Account,06B,00113,PG00018689,,,CC0558
9856-0602,9856,Control Account,06B,14802,PG00018689,,,CC0558
9956-0602,9956,AREA RESERVE ACCOUNT,06B,00113,PG00018689,,,CC0558
9456-0603,9456,General Area Reserve - Area 56,06C,00113,PG00018689,,,CC0558
9456-0603,9456,General Area Reserve - Area 56,06C,14802,PG00018689,,,CC0558
9456-0603,9456,General Area Reserve - Area 56,06C,14803,PG00018689,,,CC0558
9856-0603,9856,Control Account,06C,00113,PG00018689,,,CC0558
9956-0603,9956,AREA RESERVE ACCOUNT,06C,00113,PG00018689,,,CC0558
9456-0604,9456,General Area Reserve - Area 56,06D,00113,PG00018689,,,CC0558
9456-0604,9456,General Area Reserve - Area 56,06D,14802,PG00018689,,,CC0558
9856-0604,9856,Control Account,06D,00113,PG00018689,,,CC0558
9856-0604,9856,Control Account,06D,14802,PG00018689,,,CC0558
9956-0604,9956,AREA RESERVE ACCOUNT,06D,00113,PG00018689,,,CC0558
9456-0605,9456,General Area Reserve - Area 56,06E,00113,PG00018689,,,CC0558
9456-0605,9456,General Area Reserve - Area 56,06E,14802,PG00018689,,,CC0558
9856-0605,9856,CONTROL ACCOUNT,06E,00113,PG00018689,,,CC0558
9956-0605,9956,AREA RESEEVE ACCOUNT,06E,00113,PG00018689,,,CC0558
9456-0606,9456,General Area Reserve - Area 56,06F,00113,PG00018689,,,CC0558
9456-0606,9456,General Area Reserve - Area 56,06F,14802,PG00018689,,,CC0558
9856-0606,9856,CONTROL ACCOUNT,06F,00113,PG00018689,,,CC0558
9956-0606,9956,AREA RESERVE ACCOUNT,06F,00113,PG00018689,,,CC0558
9456-0607,9456,General Area Reserve - Area 56,06G,00113,PG00018689,,,CC0558
9456-0607,9456,General Area Reserve - Area 56,06G,14802,PG00018689,,,CC0558
9856-0607,9856,Control Account,06G,00113,PG00018689,,,CC0558
9956-0607,9956,AREA RESERVE ACCOUNT,06G,00113,PG00018689,,,CC0558
9456-0609,9456,General Area Reserve - Area 56,06I,00113,PG00018689,,,CC0558
9456-0609,9456,General Area Reserve - Area 56,06I,14802,PG00018689,,,CC0558
9856-0609,9856,CONTROL ACCOUNT,06I,00113,PG00018689,,,CC0558
9956-0609,9956,AREA RESERVE ACCOUNT,06I,00113,PG00018689,,,CC0558
9456-0610,9456,RESERVE - INSTRUCTION,06J,00113,PG00018689,,,CC0558
9456-0610,9456,RESERVE - INSTRUCTION,06J,14802,PG00018689,,,CC0558
9456-0610,9456,RESERVE - INSTRUCTION,06J,14805,PG00018689,,,CC0558
9856-0610,9856,Control Account,06J,00113,PG00018689,,,CC0558
9856-0610,9856,Control Account,06J,14802,PG00018689,,,CC0558
9856-0610,9856,Control Account,06J,14805,PG00018689,,,CC0558
9956-0610,9956,RESERVE - INSTRUCTION,06J,00113,PG00018689,,,CC0558
9956-0610,9956,RESERVE - INSTRUCTION,06J,14802,PG00018689,,,CC0558
9956-0610,9956,RESERVE - INSTRUCTION,06J,14805,PG00018689,,,CC0558
9456-0611,9456,GENERAL AREA RESERVE - AREA 56,06K,00113,PG00018689,,,CC0558
9456-0613,9456,GENERAL AREA RESERVE - AREA 56,06M,00113,PG00018689,,,CC0558
9856-0613,9856,CONTROL ACCOUNT,06M,00113,PG00018689,,,CC0558
9956-0613,9956,AREA RESERVE ACCOUNT,06M,00113,PG00018689,,,CC0558
9456-0626,9456,Budget Deficit,06Z,00113,PG00018689,,,CC0558
9956-0626,9956,AREA RESERVE ACCOUNT - AREA 58,06Z,00113,PG00018689,,,CC0558
5601-1015,5601,INSTITUTIONAL AND PROFESSIONAL FEES,08R,00113,PG00018695,,,CC0558
9456-0820,9456,PHYSICAL PLANT EMERGENCY FUND,08R,00113,PG00018689,,,CC0558
9456-0818,9456,General Area Reserve - Area 56,08R,00113,PG00018689,,,CC0558
9456-0818,9456,General Area Reserve - Area 56,08R,14802,PG00018689,,,CC0558
9456-0818,9456,General Area Reserve - Area 56,08R,14803,PG00018689,,,CC0558
9456-0818,9456,General Area Reserve - Area 56,08R,14805,PG00018689,,,CC0558
9456-0822,9456,ADMINISTRATIVE BENEFITS,08R,00113,PG00018689,,,CC0558
9856-0818,9856,WSU TRI-CITIES - CONTROL ACCOUNT,08R,00113,PG00018689,,,CC0558
9856-0818,9856,WSU TRI-CITIES - CONTROL ACCOUNT,08R,14802,PG00018689,,,CC0558
9856-0818,9856,WSU TRI-CITIES - CONTROL ACCOUNT,08R,14805,PG00018689,,,CC0558
9956-0818,9956,ARE RESERVE ACCOUNT,08R,00113,PG00018689,,,CC0558
9956-0818,9956,ARE RESERVE ACCOUNT,08R,14802,PG00018689,,,CC0558
9956-0818,9956,ARE RESERVE ACCOUNT,08R,14805,PG00018689,,,CC0558
5609-0002,5609,COMMENCEMENT,08R,00113,PG00005289,,,CC0558
5601-1041,5601,INSTITUTION - CAMPUS,08R,00113,PG00005286,,,CC0558
5601-9936,5601,CAMPUS PLANNING,08R,14802,PG00005270,,,CC0558
5601-9935,5601,F AND A - INSTITUTION - CAMPUS,08R,14802,PG00005265,,,CC0558
5601-1180,5601,HUMAN RESOURCES,08R,00113,PG00005067,,,CC0558
5601-9912,5601,F&A - GEAR UP/OUTREACH,08R,14802,PG00005020,,,CC0558
9456-0826,9456,BUDGET REDUCTIONS,08Z,00113,PG00018689,,,CC0558
2961-0004,2961,PAST INITIATIVES,09B,14801,PG00005078,,,CC0558
2961-0006,2961,PAST INITIATIVES,09B,14801,PG00005078,,,CC0558
5660-1003,5660,PAST INITIATIVES,09B,14801,PG00005078,,,CC0558
2961-0001,2961,SUMMER SESSION TRI-CITIES,09B,14801,PG00002148,,,CC0558
9456-0904,9456,GENERAL AREA RESERVE -AREA56,09D,00113,PG00018689,,,CC0558
9856-0904,9856,Control Account,09D,00113,PG00018689,,,CC0558
9456-1002,9456,GENERAL AREA RESERVE - AREA 56,10B,14802,PG00018689,,,CC0558
9456-1006,9456,GENERAL AREA RESERVE - AREA 56,10F,00113,PG00018689,,,CC0558
9456-1006,9456,GENERAL AREA RESERVE - AREA 56,10F,14802,PG00018689,,,CC0558
9856-1006,9856,CONTROL ACCOUNT,10F,00113,PG00018689,,,CC0558
9956-1006,9956,AREA RESERVE ACCOUNT,10F,00113,PG00018689,,,CC0558
9456-1020,9456,General Area Reserve - Area 56,10T,00113,PG00018689,,,CC0558
9456-1020,9456,General Area Reserve - Area 56,10T,14802,PG00018689,,,CC0558
9456-1020,9456,General Area Reserve - Area 56,10T,14803,PG00018689,,,CC0558
5601-1037,5601,GRADUATION FEE REVENUE TRI-CITIES,15S,57006,PG00002151,,,CC0558
5605-3207,5605,GRANT GEORGE & MARIANNE TRI-CITIES ENGINEERING EXCELLE,17A,84602,,GF004946,,CC0558
5601-0909,5601,WSUTC CHANCELLOR'S EXCELLENCE FUND,17A,84602,,GF003272,,CC0558
5601-8103,5601,WSU TRI-CITIES DEAN'S SPECIAL PROJECT FUND,17A,84602,,GF003305,,CC0558
5601-8562,5601,WINE SCIENCE CENTER PROJECT FUND,17A,84602,,GF003312,,CC0558
5601-8957,5601,WINE SCIENCE CENTER EXCELLENCE FUND,17A,84602,,GF006500,,CC0558
5601-8575,5601,WINE SCIENCE CENTER,17A,84602,,GF003313,,CC0558
5601-1721,5601,CHG INTERNSHIP FUND,17A,84602,,GF003275,,CC0558
5601-1718,5601,CH2M HILL HANFORD GRP INC WSU TC ENTREPRENEURSHIP ENDO,17A,84602,,GF004500,,CC0558
5606-4193,5606,KADLEC DISTINGUISHED CHAIR IN NURSING WSUTC,17A,84602,,GF003350,,CC0558
5612-3956,5612,Institute for Technology Entrepreneurship,17A,84602,,GF003365,,CC0558
5640-8111,5640,WSUTC PROFESSIONAL & COMMUNITY EDUCATION FUND,17A,84602,,GF003375,,CC0558
5660-8218,5660,Summer STEM Camps,09G,14801,PG00002162,,,CC0559
5601-1113,5601,MINOR CAPITAL PROJECTS - TRI-CITIES,850,25202,PG00006116,,,CC0560
5601-6201,5601,SAFETY & TRANS FEE - CAMPUS-FUNDED,01A,14801,PG00018693,,,CC0560
5601-1083,5601,VINEYARD MAINTENANCE,04B,00113,PG00006118,,,CC0560
5601-1114,5601,Major Capital Project Reserve,04C,14801,PG00018694,,,CC0560
5601-0077,5601,VACANT PERMANENT POSITIONS,06J,00113,PG00011862,,,CC0560
5601-1001,5601,FINANCE ADMINISTRATION,08R,00113,PG00005299,,,CC0560
5601-1014,5601,CAMPUS RESERVE,08R,00113,PG00005284,,,CC0560
5601-6006,5601,PAYROLL HOLDING ACCOUNT,08R,00113,PG00005177,,,CC0560
5601-1011,5601,General Administration - Pullman,08R,00113,PG00005069,,,CC0560
5601-9901,5601,F AND A - OPERATIONS AND MAINTENANCE,08R,14802,PG00005023,,,CC0560
5601-6202,5601,SAFETY & TRANS FEE - STUDENT-FUNDED,16B,52207,PG00018693,,,CC0560
5601-1774,5601,CAPITAL PROJECTS DEVELOPMENT FUND AT WSUTC,17A,84602,,GF003276,,CC0560
6273-6633,6273,Student Union Coffee Shop Support S&A fees,16B,52216,PG00004933,,,CC0561
6900-0004,6900,Student Union Coffee Shop,16U,52222,PG00002165,,,CC0561
6900-0001,6900,SUB - BOND,16U,52222,PG00014959,,,CC0561
6900-0002,6900,SUB - PROGRAMS,16U,52222,PG00014960,,,CC0561
5656-0004,5656,IAT - Integrated Academic Technology,06J,00113,PG00005068,,,CC0564
5669-0006,5669,EQUIPMENT RESERVE - COPY SERVICES,07J,14801,PG00005318,,,CC0564
5669-0004,5669,COPY SERVICES,07J,14801,PG00005316,,,CC0564
5601-1061,5601,SHIPPING SERVICES,08R,00113,PG00005307,,,CC0564
5601-1021,5601,Computer Center,08R,00113,PG00005290,,,CC0564
5601-1022,5601,MISSION CRITICAL IT,08R,00113,PG00005075,,,CC0564
6273-0012,6273,IT STUDENT SUPPORT,16B,52216,PG00014961,,,CC0564
NEW,,Computer Replacement Plan,,,PG00019731,,,CC0564
2961-0905,2961,PE_ACT 112,06A,14801,PG00003155,,,CC0574
2961-0902,2961,PE_ACT 140,06A,14801,PG00003154,,,CC0574
2961-0901,2961,PE_ACT 101,06A,14801,PG00003153,,,CC0574
5610-5007,5610,TRANSFORMATIONAL CHANGE INITIATIVE GRAND CHALLENGE GRA,06J,00113,PG00006117,,,CC0574
5609-0001,5609,ACADEMIC AFFAIRS ADMINISTRATION,08R,00113,PG00005031,,,CC0574
5601-9902,5601,F AND A - ACADEMIC AFFAIRS,08R,14802,PG00005009,,,CC0574
2995-1003,2995,FACULTY UTILIZATION,09B,14801,PG00005324,,,CC0574
2995-1001,2995,RUNNING START,09B,14801,PG00005167,,,CC0574
2995-1002,2995,RUNNING START,09B,14801,PG00005167,,,CC0574
2961-0003,2961,FACULTY SEED FUNDS,09B,14801,PG00005165,,,CC0574
5601-2671,5601,Trio Student Support Services Stem 5601-2671,12G,14501,,,GR00006018,CC0574
5601-2672,5601,Trio Student Support Services 5601-2672,12G,14501,,,GR00006019,CC0574
5601-2586,5601,Wsu Tri-Cities Student Support Services 5601-2586,12G,14501,,,GR00006014,CC0574
5601-2585,5601,Curatorial/Archival Services  Hanford 5601-2585,12W,14501,,,GR00006013,CC0574
5601-2009,5601,Fixed Price Consolidation Account 5601-2009,13Z,14502,,,GR00006009,CC0574
5601-2118,5601,Fixed Price Consolidation Acct 5601-2118,13Z,14502,,,GR00006011,CC0574
5601-2643,5601,Cost Share - Virtual Guide Pre-Manhattan Towns 5601-2643,14F,14502,,,GR00006015,CC0574
5601-2643,5601,Virtual Guide Pre-Manhattan Towns 5601-2643,14F,14502,,,GR00006015,CC0574
5601-2685,5601,Program Income: Curatorial/Archival Services Program Income 5601-2685,14L,14502,,,GR00006020,CC0574
5601-2011,5601,Fpca-Mays 5601-2011,14Z,14502,,,GR00006010,CC0574
5605-9870,5605,CEA BRIDGE FUNDING,17A,84606,PG00001295,GF003340,,CC0574
5605-1720,5605,CH2M HILL HANFORD GRP INC WSU TC EXCELLENCE FUND - CS,17A,84602,,GF003336,,CC0574
5601-9855,5601,TRIO SSS PROGRAM,17A,84606,PG00001291,GF003315,,CC0574
5601-9254,5601,WSUTC FIRST GENERATION EXCELLENCE FUND,17A,84602,,GF003329,,CC0574
5601-8220,5601,WRPS FACULTY FELLOW,17A,84602,,GF003309,,CC0574
5601-7843,5601,STEM GEMS AT WSUTC,17A,84602,,GF003300,,CC0574
5601-5698,5601,PHI KAPPA PHI HONOR SOCIETY AT WSU TC DEVELOPMENT FUND,17A,84602,,GF003292,,CC0574
5601-3641,5601,HANFORD ORAL HISTORY PROJECT AT WSUTC,17A,84602,,GF003286,,CC0574
5601-3434,5601,HANFORD HISTORY PROJECT FUND AT WSUTC,17A,84602,,GF003284,,CC0574
5601-9241,5601,FACULTY FELLOWS EXCELLENCE FUND,17A,84602,,GF003323,,CC0574
5601-1610,5601,CH2M HILL FACULTY FELLOWS IN ENGINEERING & SCIENCES,17A,84602,,GF003273,,CC0574
5601-4863,5601,BUD MERCER GREENHOUSE AT WSU TRI CITIES,17A,84602,,GF003290,,CC0574
5601-0075,5601,AECOM WA RIVER PROTECTION SOLUTIONS CHEM TCH LAB FUND,17A,84602,,GF003269,,CC0574
5606-9250,5606,WSUTC NURSING PARTNERSHIP,17A,84602,,GF003353,,CC0574
5606-3240,5606,BURNER & GEARHART ENVIRONMENT SCI RSCH FUND AT WSUTC,17A,84602,,GF004966,,CC0574
5606-0066,5606,ACADEMIC DIRECTOR NURSING WSUTC PROGRAM SUPPORT FUND,17A,84602,,GF003347,,CC0574
5612-1719,5612,CH2M HILL HANFORD GRP INC WSU TC EXCELLENCE FUND -MIS,17A,84602,,GF003364,,CC0574
5612-8215,5612,WRPS BUSINESS INTERNSHIPS,17A,84602,,GF003369,,CC0574
5613-0283,5613,WSU TRI CITIES K-12 EDUCATIONAL OUTREACH AND STEM PROG,17A,84602,,GF006632,,CC0574
5618-0942,5618,FRIENDS OF MAX E BENITZ LIBRARY FUND,17A,84602,,GF003374,,CC0574
5612-0234,5612,WSUTC ENDOWED OUTSTANDING ADJUNCT BUSINESS FACULTY AWD,17A,84602,,GF006513,,CC0584
5601-1045,5601,Student Affairs,03A,00113,PG00005305,,,CC0577
5601-2687,5601,G U A Rantee Campus Compact 2020 5601-2687,14A,14502,,,GR00006021,CC0577
5601-1051,5601,Cougar Cards,15S,57006,PG00005317,,,CC0577
6273-0011,6273,S AND A FEES TRI-CITIES,16B,52216,PG00005037,,,CC0577
6273-7400,6273,DIVIDENDS & INTEREST INCOME,16B,52216,PG00014957,,,CC0577
6273-7401,6273,SBC DIVIDENDS,16B,52216,PG00004947,,,CC0577
5601-0017,5601,PASSPORT PROGRAM TRI-CITIES,17A,84601,PG00016862,,,CC0577
5601-9813,5601,WSU STUDENT FOOD BANK,17A,84606,PG00001290,GF003315,,CC0577
5601-0065,5601,ASWSUTC DEVELOPMENT FUND,17A,84602,,GF003268,,CC0577
5601-0184,5601,WSU TRI-CITIES MOSAIC CENTER FOR STUDENT INCLUSION,17A,84602,,GF006411,,CC0577
5601-0226,5601,WSU TRI CITIES DREAMERS DEVELOPMENT FUND,17A,84602,,GF006496,,CC0577
5601-2935,5601,WSUTC ENTREPRENEURIAL ASSISTANCE FUND,17A,84602,,GF003280,,CC0577
5601-7900,5601,VICE CHANCELLOR OF ENROLLMENT MGMT AND STDT SVC DEVEL,17A,84602,,GF003301,,CC0577
5601-8654,5601,WSUTC STUDENT AFFAIRS DEVELOPMENT FUND,17A,84602,,GF003315,,CC0577
5601-9114,5601,WSUTC CLUB SPORTS DEVELOPMENT FUND,17A,84602,,GF003319,,CC0577
5601-9115,5601,WSUTC MEN'S RUGBY DEVELOPMENT FUND,17A,84602,,GF003320,,CC0577
5601-9116,5601,WSUTC WOMEN'S SOCCER DEVELOPMENT FUND,17A,84602,,GF003321,,CC0577
5601-9117,5601,WSUTC MEN'S SOCCER DEVELOPMENT FUND,17A,84602,,GF003322,,CC0577
5601-9248,5601,RSO-MULITCULTURAL CLUB DEVELOPMENT FUND AT WSUTC,17A,84602,,GF003324,,CC0577
5601-9255,5601,WSUTC VETERANS PROGRAM DEVELOPMENT FUND,17A,84602,,GF003330,,CC0577
6273-8093,6273,ASWSU-TC DEVELOPMENT FUND,17A,84602,,GF003503,,CC0577
5601-1002,5601,ADVANCEMENT ADMINISTRATION,08R,00113,PG00005034,,,CC0584
5601-7778,5601,ADVANCEMENT ADMINISTRATION COMMUNITY DEVELOPMENT,08R,14805,PG00005034 REQUESTED NEW PROGRAM 5/30/21,,,CC0584
5610-9801,5610,WILDE P BUCHANAN DIST SCHOLAR 2020-2021,17A,84606,PG00018690,GF004440,,CC0584
5601-9811,5601,KATHREN-PARKER SCHOLARSHIP,17A,84606,PG00001288,GF005728,,CC0584
5601-9805,5601,KINSEL BILL MEMORIAL SCHOLARSHIP,17A,84606,PG00001285,GF003314,,CC0584
5601-9804,5601,TRADEWIND SERVICES VETERANS SCHOLARSHIP,17A,84606,PG00001284,GF003314,,CC0584
5601-9803,5601,PITMAN DEBORAH S MEMORIAL SCHOLARSHIP,17A,84606,PG00001283,GF003314,,CC0584
5601-9802,5601,TORRES BLANCA MEMORIAL SCHOLARSHIP,17A,84606,PG00001282,GF003314,,CC0584
5601-9801,5601,BRUTZMAN'S OFFICE SOLUTIONS,17A,84606,PG00001281,GF003314,,CC0584
5601-9774,5601,ZANGAR CARL MEMORIAL SCHOLARSHIP,17A,84602,,GF006381,,CC0584
5601-9601,5601,YOUNG KENNETH L MEMR ENDW SCHLR IN CE FUND,17A,84602,,GF006377,,CC0584
5601-9252,5601,WSUTC GIFT HOLDING ACCOUNT,17A,84602,,GF003327,,CC0584
5601-3118,5601,WSUTC FRESHMAN SCHOLARSHIP FUND,17A,84602,,GF003281,,CC0584
5601-8126,5601,WSUTC DIRECTOR OF DEVELOPMENT FUND,17A,84602,,GF003307,,CC0584
5601-9256,5601,WSUTC COLUMBIA CRIMSON CLASSIC SCHLR ENDW,17A,84602,,GF003331,,CC0584
5601-8091,5601,WSUTC Campus Development Fund,17A,84602,,GF003304,,CC0584
5601-0134,5601,WSUTC ALUMNI & EVENTS COORDINATION,17A,84602,,GF003270,,CC0584
5601-8155,5601,WSUTC - VITICULTURE & ENOLOGY SCHOLARSHIP FUND,17A,84602,,GF003308,,CC0584
5601-8652,5601,WSU TRI-CITIES SCHOLARS EXCELLENCE FUND,17A,84602,,GF003314,,CC0584
5601-0284,5601,WSU TRI-CITIES DIETRICH A SCHMIEMAN VETERAN MEMORIAL,17A,84602,,GF006622,,CC0584
5601-0211,5601,WSU TRI-CITIES COLLEGE OF ED ENDOWED EXCELLENCE FUND I,17A,84602,,GF006467,,CC0584
5601-8666,5601,WSU TRI-CITIES CARSON VETERANS SCHLR FUND,17A,84602,,GF006288,,CC0584
5601-0221,5601,WSU TRI CITIES ENDOWED BRAD FISHER BUTCH T COUGAR FUND,17A,84602,,GF006485,,CC0584
5601-8240,5601,WRPS SCHOLARSHIPS IN ENGINEERING & SCI AT WSU TRI-CITI,17A,84602,,GF003310,,CC0584
5601-8905,5601,WILEY WILLIAM R ENDOWED SCHOLARSHIP,17A,84602,,GF006325,,CC0584
5601-8559,5601,WHITLOW RAY & CHIEKO ENDOWED SCHOLARSHIP FUND,17A,84602,,GF006279,,CC0584
5601-8023,5601,TRI-CITY HERALD/NEWS TRIBUNE OF TACOMA ENDOW. SCHLRSHP,17A,84602,,GF006155,,CC0584
5601-8107,5601,TITZLER PATRICIA J SCHOLARSHIP ENDOWMENT,17A,84602,,GF006198,,CC0584
5601-7654,5601,STARTZEL PATRICIA L. MEMR SCHLR WSU TRI-CITIES,17A,84602,,GF006072,,CC0584
5601-7245,5601,SKINNER CHARLEES & HELEN DR MEMR SCHLR ENDW,17A,84602,,GF006014,,CC0584
5601-3884,5601,SAUER HANK AND NANCY SCHOLARSHIP AT WSU TRI CITIES,17A,84602,,GF005104,,CC0584
5601-6313,5601,ROBINSON RAY & MARILYN ENDOWMENT FUND WSU TRI-CITIES,17A,84602,,GF005876,,CC0584
5601-5769,5601,PARKER HERBERT M MEMORIAL FUND,17A,84602,,GF005728,,CC0584
5601-3483,5601,PARKER HERBERT AND MARGARET SCHOLARSHIP ENDOWMENT,17A,84602,,GF005026,,CC0584
5601-5136,5601,MISSION SUPPORT ALLIANCE STEM SCHOLARSHIPS,17A,84602,,GF003291,,CC0584
5601-4173,5601,KATHERN RONALD & SUSAN SCHOLARSHIP ENDOWMENT,17A,84602,,GF005254,,CC0584
5601-3996,5601,INST MGMT ACCT WA TRI-CITIES W/PETER SMITH,17A,84602,,GF005140,,CC0584
5601-3180,5601,GRANT GEORGE & MARIANNE FAMILY SCHOLARSHIP FUND,17A,84602,,GF003283,,CC0584
5601-7242,5601,FINANCE EXCELLENCE ENDOWMENT BY SMITH PETER,17A,84602,,GF006011,,CC0584
5601-2617,5601,DYNAMIC STUDENT ENGAGEMENT FUND AT WSUTC,17A,84602,,GF003279,,CC0584
5601-9251,5601,CURRAN FAMILY SCHOLARSHIP ENDOWMENT AT WSU TRI-CITIES,17A,84602,,GF006365,,CC0584
5601-1941,5601,COCHRAN JAMES SCHOLARSHIP,17A,84602,,GF004571,,CC0584
5601-0028,5601,BEMENT-ADAMS BETTY B ENDOWMENT,17A,84602,,GF004145,,CC0584
5601-0825,5601,BATTELLE SCHOLARS ENDOWMENT FUND AT WSU TRI-CITIES,17A,84602,,GF004298,,CC0584
5601-6260,5601,ANICETTI ROBERT JOHN SCHOLARSHIP AT WSU TRI CITIES,17A,84602,,GF005842,,CC0584
5601-6259,5601,ANICETTI ROBERT JOHN GRAD FELLOWSHIP AT WSU TRI CITIES,17A,84602,,GF005841,,CC0584
5601-0062,5601,AGAR FAMILY ENDW SCHOLARSHIP AT WSU-TRI-CITIES,17A,84602,,GF004160,,CC0584
5605-9802,5605,SPANNER FAMILY ENGINEERING SCHOLARSHIP,17A,84606,PG00001293,GF003346,,CC0584
5605-9801,5605,NORRIS BOB MEMORIAL NW TECH RECOURCES SCHLR,17A,84606,PG00001292,GF003346,,CC0584
5605-9244,5605,WSUTC ENGINEERING SCHOLARSHIP FUND,17A,84602,,GF003346,,CC0584
5605-5921,5605,PHILIPP LEE D ELECTRICAL ENGINEERING SCHOLARSHIP ENDOW,17A,84602,,GF005761,,CC0584
5605-2812,5605,ENERGY SOLUTIONS ENGINEERING SCHLRSHP WSU TRI-CITIES,17A,84602,,GF003338,,CC0584
5605-0844,5605,BALLARD VIRGINIA AND DELBERT FAMILY SCHLRSHP FND WSUTC,17A,84602,,GF004312,,CC0584
5606-9246,5606,WSUTC NURSING SCHOLARSHIP FUND,17A,84602,,GF003352,,CC0584
5606-4177,5606,KADLEC FOUNDATION SCHLR AT WSU TRI-CITIES,17A,84602,,GF003349,,CC0584
5607-9247,5607,WSUTC SCIENCES SCHOLARSHIP FUND,17A,84602,,GF003360,,CC0584
5607-4058,5607,JAMES ANTHONY C USTUR SCHOLARSHIP FUND,17A,84602,,GF005176,,CC0584
5607-2848,5607,FISHER FAMILY STUDENT SUCCESS FUND,17A,84602,,GF003357,,CC0584
5607-0943,5607,BENITZ MAX E MEMORIAL SCHOLARSHIP,17A,84602,,GF004331,,CC0584
5610-9245,5610,WSUTC LIBERAL ARTS SCHOLARSHIP FUND,17A,84602,,GF003363,,CC0584
5612-7972,5612,DRUMHELLER TOM MEMORIAL SCHOLARSHIP FUND,17A,84602,,GF006137,,CC0584
5612-8893,5612,MITCHELL WILLIAM & FANNY SCHOLARSHIP ENDOWMENT,17A,84602,,GF006319,,CC0584
5612-6430,5612,SOUTHERN WINE & SPIRITS WINE BUSINESS MGMT SCHLRSHP,17A,84602,,GF003366,,CC0584
5612-0283,5612,WSU TRI CITIES K-12 EDUCATIONAL OUTREACH AND STEM,17A,84602,,GF006628,,CC0584
5612-9242,5612,WSU TRI-CITIES CARSON COLLEGE BUS SCHLR FUND,17A,84602,,GF003371,,CC0584
5613-9243,5613,WSUTC EDUCATION SCHOLARSHIP FUND,17A,84602,,GF003373,,CC0584
5601-1006,5601,MARKETING AND COMM ADMINISTRATION,08R,00113,PG00005072,,,CC0585
5610-8108,5610,WSUTC MARKETING & COMMUNICATIONS DEVELOPMENT FUND,17A,84602,,GF003362,,CC0585
5605-0001,5605,Engineering Administration,06B,00113,PG00005295,,,CC0587
5605-0009,5605,ENGINEERING ADMINISTRATION,06B,00113,PG00005295,,,CC0587
5605-9901,5605,F AND A - ENGINEERING,06B,14802,PG00005267,,,CC0587
5605-2137,5605,Fixed Price Consolidated Acct - Seas -Osman 5605-2137,14Z,14502,,,GR00006078,CC0587
5605-9804,5605,CHANGKI MO ENTREPRENEURIAL FACULTY AMBASSADOR,17A,84606,PG00001294,GF002909,,CC0587
5605-8092,5605,WSUTC MECHANICAL ENGINEERING DEVELOPMENT FUND,17A,84602,,GF003343,,CC0587
5605-2711,5605,WSUTC ENGINEERING LABORATORY DEVELOPMENT FUND,17A,84602,,GF003337,,CC0587
5605-9233,5605,WSU TRI-CITIES COLLEGE OF ENGINEERING DEVELOPMENT FUND,17A,84602,,GF003344,,CC0587
5605-2961,5605,ENVIRONMENTAL ENGINEERING DEVELOPMENT - TRI-CITIES,17A,84602,,GF003339,,CC0587
5605-2970,5605,ELECTRICAL ENG & COMPUTER SCIENCE DEV FUND,17A,84602,,GF003340,,CC0587
5605-9240,5605,CIVIL ENGINEERING DEVELOPMENT FUND AT WSUTC,17A,84602,,GF003345,,CC0587
5605-0902,5605,CE 400 SPECIAL COURSE FEE,06A,14801,PG00002430,,,CC0588
5605-9925,5605,F&A - AKRAM HOSSAIN,06B,14802,PG00006115,,,CC0588
5605-1103,5605,SALARY ACCRUAL - AKRAM HOSSAIN,06B,00113,PG00005256,,,CC0588
5605-9929,5605,F&A YONAS DEMISSIE,06B,14802,PG00005025,,,CC0588
5605-0003,5605,Civil Engineering,06B,00113,PG00005288,,,CC0588
5605-2130,5605,Freq Analysis Of Drought In Yamima Basin 5605-2130,11N,14501,,,GR00006074,CC0588
5605-2130,5605,Cost Share - Freq Analysis Of Drought In Yamima Basin 5605-2130,11N,14501,,,GR00006074,CC0588
5605-2001,5605,Autonomous Instrument Vehicles 5605-2001,12W,14501,,,GR00006072,CC0588
5605-0927,5605,CE 475/SOE 475,15F,57006,PG00002892,,,CC0588
5605-0926,5605,CE 330,15F,57006,PG00002891,,,CC0588
5605-0925,5605,CE 317,15F,57006,PG00002890,,,CC0588
5605-0908,5605,CE 515,15F,57006,PG00002874,,,CC0588
5601-9812,5601,YONAS DEMISSIE FACULTY START UP FUND,17A,84606,PG00001289,GF003273,,CC0588
5605-0004,5605,Electrical Engineering,06B,00113,PG00003974,,,CC0589
5605-9931,5605,F&A - JOHN MILLER,06B,14802,PG00005906,,,CC0589
5605-1104,5605,SALARY ACCRUAL - SCOTT HUDSON,06B,00113,PG00005006,,,CC0589
5605-0008,5605,Computer Science,06B,00113,PG00005291,,,CC0589
5605-0924,5605,E_E 416,15F,57006,PG00002889,,,CC0589
5605-0922,5605,E_E 234,15F,57006,PG00002888,,,CC0589
5605-0911,5605,CPT_S 306/307/405,15F,57006,PG00002877,,,CC0589
5605-0901,5605,COMPUTER SPECIAL COURSE FEES,15F,57006,PG00002869,,,CC0589
5605-9932,5605,F&A - MESSIHA SAAD,06B,14802,PG00005907,,,CC0590
5605-9930,5605,F&A CHANGKI MO,06B,14802,PG00005266,,,CC0590
5605-0006,5605,Mechanical Engineering,06B,00113,PG00005301,,,CC0590
5605-1008,5605,VCEA INTERNATIONAL INITIATIVE,08B,14801,PG00005273,,,CC0590
5605-1105,5605,SALARY ACCRUAL - CHANGKI MO,10F,00113,PG00018692,,,CC0590
5605-0020,5605,SALARY ACCRUAL - MESSIHA SAAD,10F,00113,PG00005260,,,CC0590
5605-2131,5605,Cellulose Nanocrystals Prevent Damage In Tree Fr 5605-2131,11D,14501,,,GR00006075,CC0590
5605-2139,5605,Interface Organic Layer Sampler 5605-2139,11W,14501,,,GR00006080,CC0590
5605-2138,5605,Support For A Ravis Position Tracking Method 5605-2138,12W,14501,,,GR00006079,CC0590
5605-2140,5605,Advancing Robotic Approaches To Pollination 5605-2140,13A,14502,,,GR00006081,CC0590
5605-2135,5605,Gem Fellowship- Munoz 5605-2135,14K,14502,,,GR00006076,CC0590
5605-0929,5605,ME 310,15F,57006,PG00002894,,,CC0590
5605-0921,5605,ME 474,15F,57006,PG00002887,,,CC0590
5605-0920,5605,ME 473,15F,57006,PG00002886,,,CC0590
5605-0919,5605,ME 472,15F,57006,PG00002885,,,CC0590
5605-0918,5605,ME 416,15F,57006,PG00002884,,,CC0590
5605-0917,5605,ME 406,15F,57006,PG00002883,,,CC0590
5605-0916,5605,ME 401,15F,57006,PG00002882,,,CC0590
5605-0915,5605,ME 316,15F,57006,PG00002881,,,CC0590
5605-0914,5605,ME 311,15F,57006,PG00002880,,,CC0590
5605-0913,5605,ME 220,15F,57006,PG00002879,,,CC0590
5605-0912,5605,ME 313,15F,57006,PG00002878,,,CC0590
5605-0904,5605,ME 305,15F,57006,PG00002871,,,CC0590
5605-0928,5605,ME 216,15F,57006,PG00002695,,,CC0590
NEW,5605,ME 220,,,PG00019565,,,CC0590
NEW,5605,ME 116,,,PG00019564,,,CC0590
NEW,5605,ME 116,,,PG00019564,,,CC0590
NEW,5605,ME 220,,,PG00019565,,,CC0590
NEW,5607,MBIOS 304,,,PG00019566,,,
